,Portfolio_Value,Cumulative_Invested,Profit_Loss
2025-01-31,50000.0,50000,0.0
2025-02-28,100523.24584599267,100000,523.2458459926711
2025-03-31,151575.213262285,150000,1575.2132622849895
2025-04-30,203161.43527618385,200000,3161.4352761838527
2025-05-31,255287.5028176673,250000,5287.502817667293
2025-06-30,307959.06532533106,300000,7959.065325331059
2025-07-31,361181.83135867637,350000,11181.831358676369
2025-08-31,414961.5692168054,400000,14961.569216805394
2025-09-30,469304.1075635913,450000,19304.10756359127
2025-10-31,524215.3360593902,500000,24215.336059390218
2025-11-30,579701.2059993647,550000,29701.205999364727
2025-12-31,635767.7309584869,600000,35767.73095848691
2026-01-31,692420.9874432912,650000,42420.98744329123
2026-02-28,749667.1155504482,700000,49667.11555044819
2026-03-31,807512.3196322297,750000,57512.319632229744
2026-04-30,865962.8689689392,800000,65962.86896893918
2026-05-31,925025.098448377,850000,75025.09844837699
2026-06-30,984705.4092524184,900000,84705.40925241844
2026-07-31,1045010.2695507753,950000,95010.2695507753
2026-08-31,1105946.2152020177,1000000,105946.21520201769
2026-09-30,1167519.850461933,1050000,117519.85046193306
2026-10-31,1229737.8486992968,1100000,129737.84869929682
2026-11-30,1292606.9531191343,1150000,142606.9531191343
2026-12-31,1356133.9774935509,1200000,156133.97749355086
2027-01-31,1420325.8069002111,1250000,170325.80690021114
2027-02-28,1485189.3984685456,1300000,185189.39846854564
2027-03-31,1550731.782133766,1350000,200731.78213376598
2027-04-30,1616960.061398772,1400000,216960.06139877206
2027-05-31,1683881.4141040312,1450000,233881.41410403117
2027-06-30,1751503.093205515,1500000,251503.09320551506
2027-07-31,1819832.427560777,1550000,269832.42756077694
2027-08-31,1888876.8227232557,1600000,288876.8227232557
2027-09-30,1958643.7617448913,1650000,308643.7617448913
2027-10-31,2029140.8059871406,1700000,329140.80598714063
2027-11-30,2100375.5959404805,1750000,350375.5959404805
2027-12-31,2172355.852052485,1800000,372355.8520524851
2028-01-31,2245089.375564572,1850000,395089.37556457194
2028-02-29,2318584.049357501,1900000,418584.04935750086
2028-03-31,2392847.8388057244,1950000,442847.8388057244
2028-04-30,2467888.792640677,2000000,467888.7926406772
2028-05-31,2543715.043823099,2050000,493715.04382309923
2028-06-30,2620334.8104244894,2100000,520334.81042448943
2028-07-31,2697756.3965177815,2150000,547756.3965177815
2028-08-31,2775988.193077343,2200000,575988.193077343
2028-09-30,2855038.6788883912,2250000,605038.6788883912
2028-10-31,2934916.4214659263,2300000,634916.4214659263
2028-11-30,3015630.0779832806,2350000,665630.0779832806
2028-12-31,3097188.396210387,2400000,697188.3962103869
2029-01-31,3179600.2154618627,2450000,729600.2154618627
2029-02-28,3262874.467555019,2500000,762874.4675550191
2029-03-31,3347020.1777778934,2550000,797020.1777778934
2029-04-30,3432046.465867412,2600000,832046.4658674118
2029-05-31,3517962.5469977907,2650000,867962.5469977907
2029-06-30,3604777.7327792784,2700000,904777.7327792784
2029-07-31,3692501.432267351,2750000,942501.4322673511
2029-08-31,3781143.1529824687,2800000,981143.1529824687
2029-09-30,3870712.501940503,2850000,1020712.5019405028
2029-10-31,3961219.186693948,2900000,1061219.1866939482
2029-11-30,4052673.0163840298,2950000,1102673.0163840298
2029-12-31,4145083.9028038206,3000000,1145083.9028038206
2030-01-31,4238461.861472484,3050000,1188461.8614724837
2030-02-28,4332817.012720761,3100000,1232817.012720761
2030-03-31,4428159.582787811,3150000,1278159.5827878108
2030-04-30,4524499.904929538,3200000,1324499.9049295383
2030-05-31,4621848.42053851,3250000,1371848.4205385102
2030-06-30,4720215.680275601,3300000,1420215.6802756013
2030-07-31,4819612.345213475,3350000,1469612.3452134747
2030-08-31,4920049.187992034,3400000,1520049.1879920335
2030-09-30,5021537.093985963,3450000,1571537.0939859627
2030-10-31,5124087.062484488,3500000,1624087.062484488
2030-11-30,5227710.207883484,3550000,1677710.2078834837
2030-12-31,5332417.760890054,3600000,1732417.7608900536
2031-01-31,5438221.069739719,3650000,1788221.069739719
2031-02-28,5545131.601426342,3700000,1845131.6014263416
2031-03-31,5653160.942944922,3750000,1903160.9429449216
2031-04-30,5762320.8025474,3800000,1962320.8025474
2031-05-31,5872623.011011601,3850000,2022623.0110116014
2031-06-30,5984079.522923457,3900000,2084079.5229234574
2031-07-31,6096702.417972648,3950000,2146702.4179726476
2031-08-31,6210503.902261801,4000000,2210503.902261801
2031-09-30,6325496.309629397,4050000,2275496.3096293965
2031-10-31,6441692.102986507,4100000,2341692.102986507
2031-11-30,6559103.875667537,4150000,2409103.8756675366
2031-12-31,6677744.352795086,4200000,2477744.352795086
2032-01-31,6797626.392659106,4250000,2547626.3926591063
2032-02-29,6918762.988110486,4300000,2618762.9881104864
2032-03-31,7041167.267969219,4350000,2691167.267969219
2032-04-30,7164852.498447308,4400000,2764852.4984473083
2032-05-31,7289832.0845865635,4450000,2839832.0845865635
2032-06-30,7416119.571711443,4500000,2916119.5717114434
2032-07-31,7543728.646897103,4550000,2993728.6468971027
2032-08-31,7672673.140452799,4600000,3072673.1404527994
2032-09-30,7802967.027420829,4650000,3152967.027420829
2032-10-31,7934624.429091143,4700000,3234624.4290911434
2032-11-30,8067659.614531822,4750000,3317659.6145318216
2032-12-31,8202087.002135553,4800000,3402087.0021355534
2033-01-31,8337921.161182311,4850000,3487921.1611823114
2033-02-28,8475176.813418372,4900000,3575176.8134183716
2033-03-31,8613868.834651863,4950000,3663868.834651863
2033-04-30,8754012.256365009,5000000,3754012.2563650087
2033-05-31,8895622.267343247,5050000,3845622.2673432473
2033-06-30,9038714.215321392,5100000,3938714.215321392
2033-07-31,9183303.608647028,5150000,4033303.608647028
2033-08-31,9329406.11796131,5200000,4129406.11796131
2033-09-30,9477037.577897348,5250000,4227037.5778973475
2033-10-31,9626213.988796372,5300000,4326213.988796372
2033-11-30,9776951.518441856,5350000,4426951.518441856
2033-12-31,9929266.503811784,5400000,4529266.503811784
2034-01-31,10083175.452849258,5450000,4633175.452849258
2034-02-28,10238695.04625163,5500000,4738695.04625163
2034-03-31,10395842.139278369,5550000,4845842.139278369
2034-04-30,10554633.763577828,5600000,4954633.763577828
2034-05-31,10715087.12903315,5650000,5065087.12903315
2034-06-30,10877219.625627473,5700000,5177219.625627473
2034-07-31,11041048.825328663,5750000,5291048.825328663
2034-08-31,11206592.483993772,5800000,5406592.483993772
2034-09-30,11373868.54329342,5850000,5523868.54329342
2034-10-31,11542895.132656319,5900000,5642895.132656319
2034-11-30,11713690.571234148,5950000,5763690.571234148
2034-12-31,11886273.369886983,6000000,5886273.369886983
2035-01-31,12060662.233189516,6050000,6010662.233189516
2035-02-28,12236876.061458258,6100000,6136876.061458258
2035-03-31,12414933.952799961,6150000,6264933.952799961
2035-04-30,12594855.20518148,6200000,6394855.205181479
2035-05-31,12776659.318521287,6250000,6526659.318521287
2035-06-30,12960365.996802883,6300000,6660365.996802883
2035-07-31,13145995.15021032,6350000,6795995.150210319
2035-08-31,13333566.897286067,6400000,6933566.897286067
2035-09-30,13523101.567111474,6450000,7073101.5671114735
2035-10-31,13714619.701510035,6500000,7214619.7015100345
2035-11-30,13908142.057273721,6550000,7358142.057273721
2035-12-31,14103689.60841261,6600000,7503689.60841261
2036-01-31,14301283.548428047,6650000,7651283.548428047
2036-02-29,14500945.292609613,6700000,7800945.292609613
2036-03-31,14702696.480356112,6750000,7952696.480356112
2036-04-30,14906558.97752086,6800000,8106558.977520861
2036-05-31,15112554.878781512,6850000,8262554.878781512
2036-06-30,15320706.510034686,6900000,8420706.510034686
2036-07-31,15531036.430815656,6950000,8581036.430815656
2036-08-31,15743567.436743358,7000000,8743567.436743358
2036-09-30,15958322.561990988,7050000,8908322.561990988
2036-10-31,16175325.081782445,7100000,9075325.081782445
2036-11-30,16394598.514914919,7150000,9244598.514914919
2036-12-31,16616166.626307854,7200000,9416166.626307854
2037-01-31,16840053.429578606,7250000,9590053.429578606
2037-02-28,17066283.189645037,7300000,9766283.189645037
2037-03-31,17294880.425355364,7350000,9944880.425355364
2037-04-30,17525869.912145507,7400000,10125869.912145507
2037-05-31,17759276.684724268,7450000,10309276.684724268
2037-06-30,17995126.039786596,7500000,10495126.039786596
2037-07-31,18233443.538755253,7550000,10683443.538755253
2037-08-31,18474255.010551166,7600000,10874255.010551166
2037-09-30,18717586.55439277,7650000,11067586.55439277
2037-10-31,18963464.542624656,7700000,11263464.542624656
2037-11-30,19211915.62357581,7750000,11461915.62357581
2037-12-31,19462966.724447764,7800000,11662966.724447764
2038-01-31,19716645.05423298,7850000,11866645.054232981
2038-02-28,19972978.106663767,7900000,12072978.106663767
2038-03-31,20231993.663192056,7950000,12281993.663192056
2038-04-30,20493719.79600036,8000000,12493719.796000361
2038-05-31,20758184.87104426,8050000,12708184.87104426
2038-06-30,21025417.551126696,8100000,12925417.551126696
2038-07-31,21295446.799004465,8150000,13145446.799004465
2038-08-31,21568301.880527206,8200000,13368301.880527206
2038-09-30,21844012.36780924,8250000,13594012.36780924
2038-10-31,22122608.142434612,8300000,13822608.142434612
2038-11-30,22404119.398695663,8350000,14054119.398695663
2038-12-31,22688576.646865487,8400000,14288576.646865487
2039-01-31,22976010.71650466,8450000,14526010.71650466
2039-02-28,23266452.759802543,8500000,14766452.759802543
2039-03-31,23559934.25495357,8550000,15009934.25495357
2039-04-30,23856487.009568866,8600000,15256487.009568866
2039-05-31,24156143.164123565,8650000,15506143.164123565
2039-06-30,24458935.195440203,8700000,15758935.195440203
2039-07-31,24764895.920208562,8750000,16014895.920208562
2039-08-31,25074058.49854236,8800000,16274058.498542361
2039-09-30,25386456.43757315,8850000,16536456.43757315
2039-10-31,25702123.595081832,8900000,16802123.595081832
2039-11-30,26021094.18316817,8950000,17071094.18316817
2039-12-31,26343402.771958705,9000000,17343402.771958705
