ticker,name,sector,price,tr_cagr_5y,volatility,max_drawdown,beta,avg_volume,data_points,dividend_yield,years_without_div_cut,div_growth_5y,pe,pb,roe,fetch_date
MEBL,Meezan Bank Limited,Commercial Banks,550.0999755859375,0.46914670968273997,0.3494541532415375,0.3314052028590688,1.7472707662076874,308804103.958256,1284,0.053626615723038625,15.0,0.3257378331857512,4.6740026,1.4553175,0.3175536093439273,2026-10-10
HBL,Habib Bank Limited,Commercial Banks,302.0199890136719,0.3338496285516088,0.3685537828289457,0.49264824282753694,1.8427689141447283,357436801.20915425,1284,0.07615389986309427,14.0,0.168863268921301,3.1023052,0.42823288,0.1370100646293174,2026-10-10
UBL,United Bank Limited,Commercial Banks,424.2300109863281,0.4037869416053703,0.4074284113961215,0.5602876286470576,2.0371420569806076,407761104.9988312,1285,0.07543077851941804,14.0,0.1742499638681958,4.300696,1.2327323,0.2573127202804223,2026-10-10
MCB,MCB Bank Limited,Commercial Banks,385.5899963378906,0.39607918348927207,0.22798299659090127,0.24600402211148495,1.1399149829545063,155074155.51019594,1284,0.0933634179877773,15.0,-0.014190149921543771,4.7041264,0.80446196,0.173642226253211,2026-10-10
BAFL,Bank Alfalah Limited,Commercial Banks,56.869998931884766,0.20239244167876946,0.36111345595048744,0.5746553144038722,1.8055672797524371,117870257.3628629,1284,0.10110779159477357,15.0,0.17607902252467356,6.6472397,1.0422946,0.1388648607122095,2026-10-10
OGDC,Oil and Gas Development Company,Oil and Gas Exploration,315.9100036621094,0.4217129425707218,0.2877961218040971,0.3062287206701024,1.4389806090204853,745034676.0999655,1284,0.0696400865593694,12.0,0.15213249209003799,2.3406105,0.40301704,,2026-10-10
PPL,Pakistan Petroleum Limited,Oil and Gas Exploration,220.2899932861328,0.30004444784883044,0.4231208816714162,0.40073156837089186,2.115604408357081,839299440.6003317,1284,0.03858550210657741,11.0,0.027066087089351765,3.9868968,0.42124668,0.1802274444740578,2026-10-10
MARI,Mari Petroleum,Oil and Gas Exploration,642.4199829101562,-0.15941912375872547,0.5482121486354385,0.8931167826382451,2.7410607431771927,247532021.38508096,1284,0.042028580552071655,17.0,0.11500658010837439,37.175926,10.014817,0.2693798547439465,2026-10-10
POL,Pakistan Oilfields Limited,Oil and Gas Exploration,769.9099731445312,0.3209357469746701,0.20793566188101673,0.2953613952648748,1.0396783094050837,162468686.59921265,1284,0.1006611197455567,13.0,-0.11269579863367396,5.7244296,1.6482084,0.4334933551899771,2026-10-10
FFC,Fauji Fertilizer Company,Fertilizer,539.510009765625,0.5910701146070907,0.2594433241102319,0.2885290781175347,1.2972166205511595,263607432.19086915,1284,0.0759948828712396,15.0,0.18910152230876331,2.6628137,0.85940087,0.3200511564238337,2026-10-10
EFERT,Engro Fertilizers,Fertilizer,193.0,0.39286817083576353,0.27301522410263546,0.3168541472686799,1.3650761205131772,128602777.23333333,1284,0.06347150259067358,8.0,-0.12944943670387588,10.651192,5.1623693,0.5056858257933149,2026-10-10
FATIMA,Fatima Fertilizer,Fertilizer,141.6699981689453,0.509789202356074,0.3199790529217084,0.34168840416328367,1.599895264608542,84737142.11745708,1284,0.01764664383646481,12.0,,2.440553,0.6009986,0.2476033211945826,2026-10-10
LUCK,Lucky Cement,Cement,408.239990234375,-0.08339929663473844,1.9958809292038437,0.8172474188827051,9.979404646019217,353214097.6066651,1284,0.012247697725863274,14.0,inf,14.928454,3.1029603,0.2215834126468522,2026-10-10
MLCF,Maple Leaf Cement,Cement,90.9000015258789,0.23468377946561247,0.37249160325527025,0.516620820696731,1.862458016276351,607146989.4217796,1284,,3.0,,3.243386,0.46419466,0.1431776657241549,2026-10-10
FCCL,Fauji Cement,Cement,52.15999984741211,0.3145458209395082,0.37365801072840343,0.44980222578867723,1.868290053642017,160163681.30212682,1284,0.02875766879578359,11.0,inf,3.3348486,0.552446,0.1581328212024538,2026-10-10
DGKC,D.G. Khan Cement,Cement,186.25,0.19577598468879298,0.4466135239421683,0.5815635980555524,2.2330676197108414,437979297.87500006,1284,0.010738255033557046,10.0,inf,3.1837916,0.3140042,,2026-10-10
KOHC,Kohat Cement,Cement,87.98999786376953,-0.10933935986551946,0.48193449560839946,0.8388483780793046,2.409672478041997,23061650.50010681,1285,,5.0,0.10197250811606984,25.043356,4.412468,0.2413743520887098,2026-10-10
HUBC,Hub Power Company,Power Generation,198.63999938964844,0.4258764376925033,0.3700461153435905,0.3817346587510235,1.8502305767179523,365406264.20523375,1284,0.1258558199598081,12.0,0.0456395525912731,4.006796,0.8450145,,2026-10-06
KAPCO,Kot Addu Power,Power Generation,26.56999969482422,0.23215330940683354,0.3044953415580174,0.3381582865192424,1.522476707790087,16074799.33236923,1284,0.15054572999408772,13.0,-0.2931382742568599,17.347593,0.51832676,,2026-10-10
PSO,Pakistan State Oil,Oil and Gas Marketing,355.8599853515625,0.18625554746691364,0.47187618001582793,0.4651267887843371,2.3593809000791395,499135205.763855,1284,0.028100939728080872,10.0,inf,1.7517793,0.26167983,0.0756308495168478,2026-10-10
APL,Attock Petroleum,Oil and Gas Marketing,575.5900268554688,0.2847923960045904,0.24507477567302938,0.31084769243390076,1.2253738783651469,22742195.110089112,1284,0.057332473566791546,13.0,-0.015274353645740923,2.9198804,0.67511374,,2026-10-10
SYS,Systems Limited,Technology,117.95999908447266,-0.18967350242628467,0.48124369779462056,0.8458666525634619,2.406218488973103,169479111.25661543,1284,0.0169549000976829,12.0,0.41707354463808577,57.623245,10.750811,0.2272896584763745,2026-10-10
TRG,TRG Pakistan,Technology,56.4900016784668,-0.1765878590222575,0.5278592501724012,0.7303704430701938,2.6392962508620057,155922343.10686365,1284,,,,,0.9117214,-0.9267585244578828,2026-10-10
AVN,Avanceon,Technology,27.6200008392334,-0.2062995795872708,0.3655418603304189,0.6850199470063568,1.8277093016520944,12249167.472857475,1288,0.0362056469809924,8.0,0.0959736606120189,125.51851,1.9915378,,2026-10-06
INDU,Indus Motor Company,Automobile,1811.0699462890625,0.19810519660127102,0.27597705652207233,0.4250357062065218,1.3798852826103616,46711176.42368571,1284,0.10767115891882638,14.0,0.027066087089351765,5.218497,1.5316935,0.2990106589978111,2026-10-10
MTL,Millat Tractors,Automobile,297.7099914550781,0.018780052540620318,0.3447452932071022,0.5999459407722132,1.7237264660355107,51697478.94750366,1284,0.05878203789690612,13.0,-0.08109477356430461,33.482296,32.06319,,2026-10-10
NESTLE,Nestle Pakistan,Food and Personal Care,6995.18994140625,0.08897885323335886,0.22069242208540021,0.24862482763076704,1.103462110427001,2939145.6403808594,1286,0.07819659002569358,12.0,0.12872092269576818,18.906883,16.177082,0.8107874628287463,2026-10-10
PKGS,Packages Limited,Paper and Board,704.7899780273438,0.1450568033906403,0.31557034744252976,0.33063383016791525,1.5778517372126488,6050058.129382324,1284,0.022701798406360493,13.0,-0.06591264509773154,15.366477,0.7025796,-0.0275569321987931,2026-10-10
EPCL,Engro Polymer,Chemicals,31.520000457763672,-0.019307635725615335,0.3215772061226295,0.607422773590731,1.6078860306131475,18428142.00096448,1284,,4.0,0.021295687600135116,70.39344,1.7718908,-0.1665948123705404,2026-10-10
LOTCHEM,Lotte Chemical,Chemicals,25.59000015258789,0.2954829663089582,0.40621139536044293,0.4304908029354035,2.0310569768022146,96688914.52353604,1284,0.25400546937248303,12.0,0.23636347834823446,5.658065,1.3100307,0.0475491512385649,2026-10-10
