Date,Close,High,Low,Open,Volume
2021-09-09,186.92999267578125,195.0,184.14999389648438,191.0,63200
2021-09-10,191.42999267578125,194.5,186.8000030517578,189.89999389648438,43500
2021-09-13,195.25,196.4499969482422,191.00999450683594,191.00999450683594,40800
2021-09-14,193.02999877929688,199.0,190.5500030517578,199.0,75400
2021-09-15,188.3699951171875,192.02000427246094,185.0,191.0,129400
2021-09-16,189.0,190.0,187.0,189.0,8200
2021-09-17,185.11000061035156,190.00999450683594,185.0,190.0,15300
2021-09-20,175.64999389648438,188.5,171.22999572753906,185.0,123400
2021-09-21,175.64999389648438,175.64999389648438,175.64999389648438,175.64999389648438,0
2021-09-22,171.4199981689453,179.88999938964844,166.0,168.5,137400
2021-09-23,170.7899932861328,179.75,170.0,179.75,24900
2021-09-24,170.91000366210938,174.5,168.0,174.5,23700
2021-09-27,170.32000732421875,174.88999938964844,166.0,166.0,12400
2021-09-28,169.39999389648438,176.0,164.0,168.0500030517578,74700
2021-09-29,164.25,170.89999389648438,162.0,167.0,67400
2021-09-30,171.94000244140625,173.60000610351562,163.0,163.25,50900
2021-10-01,172.41000366210938,174.0,170.0,170.0,14000
2021-10-04,168.9199981689453,171.5,165.10000610351562,168.02000427246094,10100
2021-10-05,162.0399932861328,166.25,161.0,166.1999969482422,64200
2021-10-06,153.82000732421875,160.1300048828125,152.0,160.1300048828125,82600
2021-10-07,165.35000610351562,165.35000610351562,156.97999572753906,156.97999572753906,280300
2021-10-08,167.7100067138672,169.0,160.5,160.50999450683594,157900
2021-10-11,156.99000549316406,168.0,156.17999267578125,168.0,12800
2021-10-12,161.8000030517578,165.0,151.0,156.25,69600
2021-10-13,152.92999267578125,160.0,150.6199951171875,157.24000549316406,11600
2021-10-14,163.22999572753906,164.38999938964844,153.0,153.94000244140625,76800
2021-10-15,167.72999572753906,170.0,163.49000549316406,164.99000549316406,47300
2021-10-18,166.14999389648438,167.97999572753906,162.75,166.99000549316406,3200
2021-10-19,166.14999389648438,166.14999389648438,166.14999389648438,166.14999389648438,0
2021-10-20,169.88999938964844,174.8000030517578,165.00999450683594,167.97999572753906,107100
2021-10-21,180.6699981689453,181.89999389648438,162.0,171.8000030517578,257600
2021-10-22,184.1300048828125,191.0,182.8000030517578,182.89999389648438,49400
2021-10-25,184.1300048828125,184.0,177.0,184.0,4300
2021-10-26,178.83999633789062,184.0,172.50999450683594,175.0,7600
2021-10-27,180.1300048828125,186.89999389648438,179.0,186.89999389648438,85000
2021-10-28,185.75,188.6999969482422,183.0,183.0,123600
2021-10-29,191.1300048828125,193.89999389648438,182.5,186.2100067138672,293600
2021-11-01,201.72000122070312,203.8000030517578,190.0,190.0,335900
2021-11-02,199.07000732421875,209.83999633789062,199.0,207.0,34700
2021-11-03,196.19000244140625,201.99000549316406,196.0,199.97999572753906,22800
2021-11-04,193.05999755859375,196.19000244140625,193.0,194.0,35100
2021-11-05,197.44000244140625,201.8000030517578,193.97999572753906,193.97999572753906,71700
2021-11-08,197.24000549316406,203.0,195.0,203.0,31000
2021-11-09,190.5,194.75999450683594,189.88999938964844,194.0,48900
2021-11-10,191.47999572753906,201.97999572753906,190.0,193.0,13700
2021-11-11,191.3800048828125,196.0,188.0,192.8800048828125,85700
2021-11-12,182.10000610351562,188.00999450683594,181.99000549316406,188.00999450683594,61400
2021-11-15,180.52000427246094,189.99000549316406,177.0500030517578,189.99000549316406,22100
2021-11-16,185.07000732421875,189.5,182.0,182.0,41700
2021-11-17,179.75999450683594,186.75,178.0,182.10000610351562,29600
2021-11-18,181.47000122070312,182.0,180.0,180.10000610351562,23200
2021-11-19,187.0399932861328,187.5,178.0,183.89999389648438,58000
2021-11-22,180.0,192.97999572753906,180.0,187.0399932861328,25900
2021-11-23,172.7100067138672,184.97999572753906,171.25,184.97999572753906,47000
2021-11-24,169.94000244140625,180.1999969482422,169.0,172.7100067138672,17300
2021-11-25,169.97999572753906,175.3000030517578,168.0,170.0500030517578,21900
2021-11-26,170.33999633789062,174.75,165.0,174.0,31400
2021-11-29,182.2100067138672,183.11000061035156,172.99000549316406,172.99000549316406,126300
2021-11-30,189.61000061035156,193.0,185.5,189.99000549316406,112600
2021-12-01,191.5,198.0,190.0,194.0,147400
2021-12-02,177.13999938964844,183.0,177.13999938964844,183.0,62300
2021-12-03,168.13999938964844,178.0,163.86000061035156,168.0,20600
2021-12-06,170.2100067138672,172.0,165.60000610351562,172.0,24400
2021-12-07,177.10000610351562,182.97000122070312,170.11000061035156,173.0,134600
2021-12-08,175.1300048828125,178.0,174.0,178.0,158500
2021-12-09,168.02000427246094,172.14999389648438,165.0,172.14999389648438,11400
2021-12-10,170.0,172.4499969482422,167.89999389648438,167.89999389648438,43300
2021-12-13,166.44000244140625,168.0,163.1300048828125,165.0,4100
2021-12-14,169.50999450683594,174.39999389648438,163.5,166.0,73600
2021-12-15,180.33999633789062,182.22000122070312,176.0,177.0,192000
2021-12-16,172.1999969482422,177.5,170.0,177.0,14100
2021-12-17,178.35000610351562,182.0,169.0,170.10000610351562,66700
2021-12-20,179.4499969482422,184.0,178.0,178.0,65400
2021-12-21,177.6300048828125,184.1999969482422,176.14999389648438,180.00999450683594,48400
2021-12-22,177.77000427246094,179.99000549316406,176.0,179.0,4000
2021-12-23,180.00999450683594,180.39999389648438,177.77000427246094,177.77999877929688,270400
2021-12-24,178.75999450683594,181.60000610351562,177.5,180.0,331800
2021-12-27,190.58999633789062,191.89999389648438,176.0,176.0,556200
2021-12-28,186.02000427246094,193.0,184.8000030517578,190.39999389648438,48700
2021-12-29,183.38999938964844,186.5,181.35000610351562,186.49000549316406,446800
2021-12-30,186.86000061035156,190.99000549316406,183.0,185.0,540700
2021-12-31,188.60000610351562,190.5,185.0,188.6999969482422,148000
2022-01-03,188.35000610351562,190.10000610351562,185.00999450683594,189.10000610351562,61300
2022-01-04,189.47999572753906,190.49000549316406,185.0,189.0,73300
2022-01-05,187.9499969482422,189.5,186.0,189.0,153600
2022-01-06,183.0800018310547,189.0,183.0800018310547,189.0,3100
2022-01-07,181.88999938964844,183.0800018310547,181.75,183.0800018310547,5000
2022-01-10,186.49000549316406,192.8800048828125,186.02000427246094,187.0,38400
2022-01-11,184.00999450683594,187.0,181.0,185.0,51600
2022-01-12,183.66000366210938,188.0,183.0500030517578,184.5,35100
2022-01-13,180.4199981689453,183.0,180.00999450683594,183.0,4800
2022-01-14,175.72000122070312,181.5,175.00999450683594,181.5,35200
2022-01-17,175.0,179.0,174.0,175.10000610351562,7900
2022-01-18,173.30999755859375,178.0,171.0,178.0,8500
2022-01-19,170.6699981689453,174.0,168.10000610351562,174.0,29900
2022-01-20,175.0399932861328,180.0,170.0,170.0,148300
2022-01-21,175.39999389648438,177.0,175.0,176.5,3100
2022-01-24,175.1300048828125,179.85000610351562,171.0,175.0,42500
2022-01-25,177.47999572753906,179.5,174.0,178.5,53400
2022-01-26,182.0,186.0,177.0,177.0,295300
2022-01-27,182.0,185.94000244140625,181.0,182.0,53000
2022-01-28,181.35000610351562,184.99000549316406,181.10000610351562,182.0,53700
2022-01-31,182.02000427246094,186.0,182.0,183.0,18300
2022-02-01,182.13999938964844,184.99000549316406,181.5,183.0,220100
2022-02-02,183.52000427246094,184.0,181.1999969482422,184.0,390900
2022-02-03,180.49000549316406,186.89999389648438,180.0,184.0,47000
2022-02-04,179.02000427246094,182.0,179.0,181.0,125600
2022-02-07,179.3800048828125,181.89999389648438,176.0,180.0,86500
2022-02-08,176.44000244140625,179.99000549316406,175.0,176.00999450683594,39000
2022-02-09,176.5399932861328,180.0,175.0,177.99000549316406,261100
2022-02-10,173.1300048828125,176.0,173.00999450683594,175.0800018310547,4900
2022-02-11,172.80999755859375,173.1300048828125,171.0,173.1300048828125,51800
2022-02-14,170.7100067138672,172.80999755859375,170.0,172.25,67100
2022-02-15,173.39999389648438,174.97999572753906,170.00999450683594,170.25,5300
2022-02-16,173.5,174.0,172.52000427246094,174.0,6000
2022-02-17,174.00999450683594,175.97999572753906,174.0,174.5,20800
2022-02-18,176.0,176.5,175.0,175.97999572753906,24600
2022-02-21,177.0,183.0,176.5,176.5,50500
2022-02-22,179.32000732421875,182.0,176.0,179.97999572753906,150800
2022-02-23,180.8000030517578,181.5,177.0,178.10000610351562,36000
2022-02-24,173.4199981689453,178.0,170.00999450683594,178.0,276500
2022-02-25,169.97999572753906,173.99000549316406,168.0,173.9499969482422,68400
2022-02-28,175.02999877929688,175.10000610351562,165.0,168.02000427246094,111700
2022-03-01,175.0,176.0,172.0,172.14999389648438,49400
2022-03-02,171.82000732421875,173.11000061035156,171.0,173.11000061035156,108700
2022-03-03,167.39999389648438,174.0,167.0,167.61000061035156,127600
2022-03-04,167.3000030517578,168.89999389648438,165.00999450683594,168.89999389648438,33600
2022-03-07,159.07000732421875,165.3000030517578,155.50999450683594,165.3000030517578,27200
2022-03-08,156.72000122070312,162.35000610351562,155.0,159.07000732421875,73300
2022-03-09,155.6199951171875,158.0,153.5,156.0,138000
2022-03-10,162.02999877929688,163.5,157.99000549316406,159.6999969482422,62100
2022-03-11,163.74000549316406,163.74000549316406,160.0,161.0,30000
2022-03-14,159.9499969482422,160.0,159.89999389648438,160.0,26000
2022-03-15,162.0,162.0,159.5,159.5,96600
2022-03-16,166.5,169.3000030517578,163.0,163.0,74000
2022-03-17,165.1199951171875,169.97999572753906,165.0,169.97999572753906,8100
2022-03-18,161.4499969482422,164.10000610351562,160.9499969482422,164.10000610351562,1600
2022-03-21,159.8300018310547,161.88999938964844,158.0,160.0,15100
2022-03-22,160.0,160.00999450683594,159.0,160.0,34600
2022-03-23,160.0,160.0,160.0,160.0,0
2022-03-24,164.6999969482422,169.5,159.10000610351562,162.0,68600
2022-03-25,161.22000122070312,161.55999755859375,161.0,161.0,500
2022-03-28,165.75,166.5,161.22000122070312,163.89999389648438,8600
2022-03-29,170.64999389648438,171.0,165.75,168.0,216200
2022-03-30,170.0,171.0,166.60000610351562,170.0,239900
2022-03-31,171.89999389648438,172.0,169.0800018310547,171.0,2000
2022-04-01,170.0,172.6999969482422,170.0,172.0,21400
2022-04-04,165.0,167.0,160.0,167.0,8700
2022-04-05,165.77000427246094,169.88999938964844,163.0,166.0,10000
2022-04-06,163.74000549316406,165.0,163.0,165.0,8200
2022-04-07,160.0,162.5,159.0,162.5,26700
2022-04-08,161.1300048828125,164.99000549316406,159.0,160.0,17900
2022-04-11,172.19000244140625,173.0,164.99000549316406,164.99000549316406,81800
2022-04-12,174.6999969482422,176.0,170.0,172.19000244140625,40400
2022-04-13,171.9600067138672,174.8000030517578,171.75999450683594,174.8000030517578,10200
2022-04-14,171.63999938964844,176.0,170.10000610351562,174.0,8900
2022-04-15,174.82000732421875,176.0,172.0,172.0,191000
2022-04-18,171.35000610351562,174.82000732421875,170.0,174.8000030517578,59700
2022-04-19,169.0,170.10000610351562,166.0500030517578,166.0500030517578,27700
2022-04-20,165.17999267578125,169.99000549316406,164.99000549316406,167.5,31600
2022-04-21,162.32000732421875,169.0,161.0,165.17999267578125,16300
2022-04-22,164.39999389648438,165.0,158.5,160.5,148900
2022-04-25,164.27000427246094,169.0,160.0,168.0,11000
2022-04-26,166.5800018310547,169.0,161.0,163.0,190200
2022-04-27,167.0,169.0,165.0,169.0,171500
2022-04-28,166.0,166.39999389648438,160.8699951171875,164.0,41400
2022-04-29,166.0,166.0,166.0,166.0,0
2022-05-02,166.0,166.0,166.0,166.0,0
2022-05-03,166.0,166.0,166.0,166.0,0
2022-05-04,166.0,166.0,166.0,166.0,0
2022-05-05,166.0,166.0,166.0,166.0,0
2022-05-06,160.14999389648438,165.0,159.10000610351562,165.0,12000
2022-05-09,148.72000122070312,159.0,148.13999938964844,158.0,224600
2022-05-10,153.02999877929688,157.0,144.0,149.0,34000
2022-05-11,150.32000732421875,153.02999877929688,144.0,147.5,28400
2022-05-12,148.5800018310547,149.0,142.00999450683594,147.0,139800
2022-05-13,149.05999755859375,150.0,148.00999450683594,148.5800018310547,6300
2022-05-16,144.5800018310547,147.8699951171875,139.5500030517578,147.8699951171875,112900
2022-05-17,142.0,146.5,142.0,143.1999969482422,86300
2022-05-18,145.47999572753906,149.0,142.0,143.0,70600
2022-05-19,145.0,148.0,145.0,145.0,39100
2022-05-20,146.00999450683594,146.5,145.0,146.5,23100
2022-05-23,139.8300018310547,142.10000610351562,139.0,142.10000610351562,32400
2022-05-24,137.02000427246094,140.10000610351562,137.0,140.10000610351562,14800
2022-05-25,136.0,137.0,135.5,136.89999389648438,96500
2022-05-26,139.66000366210938,140.00999450683594,133.97999572753906,135.00999450683594,64700
2022-05-27,141.1199951171875,145.0,140.5,143.0,294800
2022-05-30,140.0399932861328,145.0,139.0,145.0,40400
2022-05-31,138.47000122070312,142.0,137.00999450683594,142.0,193000
2022-06-01,135.0500030517578,139.0,134.0,139.0,168100
2022-06-02,132.9199981689453,136.0,132.1999969482422,136.0,119700
2022-06-03,129.05999755859375,132.9199981689453,125.19999694824219,130.05999755859375,129800
2022-06-06,132.4499969482422,132.4499969482422,130.0,130.0,60900
2022-06-07,132.0,133.39999389648438,130.25,132.3000030517578,18100
2022-06-08,126.22000122070312,130.0,125.0,127.05999755859375,148500
2022-06-09,129.17999267578125,129.99000549316406,126.22000122070312,128.0,74000
2022-06-10,132.4199981689453,132.89999389648438,129.0,130.5,23400
2022-06-13,128.0,128.75,128.0,128.75,1600
2022-06-14,128.02000427246094,128.11000061035156,126.0,126.0,44100
2022-06-15,131.02000427246094,132.0,128.02000427246094,130.0,66100
2022-06-16,131.72999572753906,134.0,129.5,131.5,17900
2022-06-17,140.08999633789062,141.60000610351562,131.5,131.5,254700
2022-06-20,136.99000549316406,140.0,136.0,140.0,46700
2022-06-21,140.02999877929688,141.89999389648438,136.0,138.0,72900
2022-06-22,140.8000030517578,143.0,137.85000610351562,143.0,26700
2022-06-23,142.05999755859375,142.5,140.0,141.5,31600
2022-06-24,131.41000366210938,140.0,131.41000366210938,140.0,64400
2022-06-27,135.13999938964844,136.99000549316406,130.5,131.25,28900
2022-06-28,135.9499969482422,139.99000549316406,131.5,136.0,203700
2022-06-29,129.88999938964844,138.0,129.0,136.0,88000
2022-06-30,130.1300048828125,134.0,129.75,131.0,56300
2022-07-01,128.88999938964844,130.10000610351562,128.0,130.0,2100
2022-07-04,129.27000427246094,129.9499969482422,128.0,129.0,2300
2022-07-05,128.4600067138672,132.97999572753906,125.0,128.0,15400
2022-07-06,128.4600067138672,128.4600067138672,128.4600067138672,128.4600067138672,76600
2022-07-07,129.60000610351562,131.8000030517578,128.4600067138672,128.4600067138672,2200
2022-07-08,129.60000610351562,129.60000610351562,129.60000610351562,129.60000610351562,0
2022-07-11,129.60000610351562,129.60000610351562,129.60000610351562,129.60000610351562,0
2022-07-12,129.60000610351562,129.60000610351562,129.60000610351562,129.60000610351562,0
2022-07-13,131.5,131.5,128.0,128.5,1600
2022-07-14,133.64999389648438,140.89999389648438,130.0,131.5,89400
2022-07-15,134.05999755859375,135.99000549316406,133.0,135.99000549316406,24800
2022-07-18,130.36000061035156,132.99000549316406,128.5,131.0,5800
2022-07-19,125.02999877929688,133.7899932861328,123.5,133.7899932861328,36500
2022-07-20,124.05000305175781,131.97999572753906,120.0999984741211,124.0199966430664,60300
2022-07-21,118.98999786376953,125.0,116.0999984741211,125.0,66200
2022-07-22,120.06999969482422,125.97000122070312,120.0,121.0,22700
2022-07-25,125.61000061035156,126.0,121.45999908447266,121.4800033569336,25500
2022-07-26,125.79000091552734,127.48999786376953,123.0,125.5,55200
2022-07-27,127.37999725341797,128.85000610351562,122.30000305175781,125.0,123800
2022-07-28,128.83999633789062,129.3000030517578,125.0,127.98999786376953,43800
2022-07-29,127.22000122070312,128.5,125.5,126.0,15900
2022-08-01,127.0,129.9499969482422,127.0,127.98999786376953,11700
2022-08-02,127.9000015258789,130.3300018310547,124.0,124.0,32000
2022-08-03,136.47999572753906,137.4499969482422,128.0,128.0,89000
2022-08-04,139.00999450683594,141.8800048828125,136.00999450683594,138.97999572753906,85100
2022-08-05,147.1199951171875,148.88999938964844,139.00999450683594,141.0,119000
2022-08-08,147.1199951171875,147.1199951171875,147.1199951171875,147.1199951171875,0
2022-08-09,147.1199951171875,147.1199951171875,147.1199951171875,147.1199951171875,0
2022-08-10,146.92999267578125,152.83999633789062,145.25,149.99000549316406,23300
2022-08-11,143.24000549316406,149.35000610351562,143.10000610351562,148.5,29200
2022-08-12,142.8699951171875,145.0,140.0,143.0,125400
2022-08-15,145.35000610351562,147.75,141.0500030517578,147.0,76900
2022-08-16,146.74000549316406,149.89999389648438,143.0,147.0,97200
2022-08-17,151.91000366210938,157.74000549316406,145.0,146.80999755859375,58600
2022-08-18,149.8300018310547,155.0,146.0500030517578,153.0,13700
2022-08-19,145.9600067138672,150.0,145.0,150.0,20200
2022-08-22,143.52000427246094,148.99000549316406,142.0,143.0,9200
2022-08-23,146.61000061035156,148.00999450683594,144.0,146.99000549316406,67500
2022-08-24,142.8000030517578,146.0,142.10000610351562,144.5,2800
2022-08-25,144.0500030517578,145.0,140.5500030517578,142.8000030517578,15400
2022-08-26,142.0,142.00999450683594,141.99000549316406,142.0,18500
2022-08-29,143.0,145.0,140.5,144.5,17400
2022-08-30,141.25,145.0,140.5800018310547,143.52000427246094,33000
2022-08-31,148.10000610351562,150.99000549316406,141.25,142.99000549316406,230600
2022-09-01,157.64999389648438,159.1999969482422,150.0,150.0,671500
2022-09-02,162.77000427246094,164.75,157.99000549316406,157.99000549316406,468600
2022-09-05,159.2899932861328,167.5,156.2100067138672,162.97000122070312,252800
2022-09-06,154.97000122070312,158.99000549316406,154.0,155.02000427246094,47500
2022-09-07,154.58999633789062,156.5,154.5,155.5,15800
2022-09-08,162.77999877929688,165.49000549316406,156.89999389648438,157.0,126700
2022-09-09,166.75,169.10000610351562,163.0,163.0,218100
2022-09-12,165.3000030517578,169.89999389648438,161.14999389648438,167.0,38400
2022-09-13,166.4499969482422,168.0,166.0,167.0,102500
2022-09-14,165.13999938964844,167.4499969482422,164.0,167.4499969482422,98200
2022-09-15,156.74000549316406,166.0,155.27000427246094,166.0,360100
2022-09-16,157.42999267578125,159.67999267578125,155.1199951171875,156.83999633789062,27300
2022-09-19,152.89999389648438,157.42999267578125,152.0,155.0,74500
2022-09-20,152.52000427246094,159.5,147.16000366210938,157.97000122070312,95800
2022-09-21,156.97000122070312,158.47999572753906,152.52000427246094,154.99000549316406,102900
2022-09-22,157.49000549316406,158.0,152.55999755859375,156.9600067138672,48700
2022-09-23,151.66000366210938,156.5,151.0,156.0,10300
2022-09-26,155.17999267578125,160.0,152.39999389648438,152.39999389648438,190900
2022-09-27,163.13999938964844,164.0,156.0,157.0,218200
2022-09-28,161.8000030517578,164.49000549316406,161.10000610351562,164.49000549316406,19500
2022-09-29,161.88999938964844,162.0,158.5,162.0,13300
2022-09-30,160.0,167.49000549316406,159.5,163.22999572753906,91400
2022-10-03,160.52000427246094,164.89999389648438,157.0,164.89999389648438,11700
2022-10-04,158.75,166.0,155.10000610351562,162.85000610351562,50900
2022-10-05,165.77999877929688,166.89999389648438,160.0,160.0,108500
2022-10-06,167.17999267578125,172.0,166.10000610351562,166.10000610351562,168600
2022-10-07,166.8699951171875,170.0,165.99000549316406,168.97999572753906,43867
2022-10-10,164.7100067138672,168.0,161.3000030517578,168.0,53546
2022-10-11,163.88999938964844,166.0,161.0,165.0,144311
2022-10-12,161.77999877929688,164.7899932861328,159.10000610351562,161.5,77650
2022-10-13,159.22000122070312,160.5,158.0,160.0,61260
2022-10-14,159.0800018310547,162.5,159.0,159.99000549316406,27492
2022-10-17,159.97000122070312,161.0,158.5,158.5,46286
2022-10-18,161.0,164.0,159.0,159.0,16265
2022-10-19,167.17999267578125,168.0,158.10000610351562,158.10000610351562,74496
2022-10-20,161.3699951171875,169.9499969482422,160.1999969482422,167.2100067138672,16796
2022-10-21,164.4199981689453,169.6999969482422,159.5,166.0,17789
2022-10-24,164.6999969482422,169.8000030517578,162.02000427246094,168.49000549316406,7902
2022-10-25,162.0,164.0,162.0,164.0,350
2022-10-26,156.55999755859375,162.0,155.0,160.00999450683594,52629
2022-10-27,159.0399932861328,162.0,154.02000427246094,154.02000427246094,69772
2022-10-28,156.55999755859375,164.88999938964844,154.99000549316406,163.99000549316406,69932
2022-10-31,158.6699981689453,160.05999755859375,155.61000061035156,160.05999755859375,20793
2022-11-01,162.1699981689453,163.0,159.0,159.60000610351562,241885
2022-11-02,162.5,163.0,161.0,161.0,168246
2022-11-03,161.1300048828125,164.0,160.5,162.0,94646
2022-11-04,159.9499969482422,164.89999389648438,156.0500030517578,161.1300048828125,33525
2022-11-07,158.02999877929688,161.5,157.50999450683594,161.5,9478
2022-11-08,161.36000061035156,163.9499969482422,159.9499969482422,160.0,72144
2022-11-09,161.36000061035156,161.36000061035156,161.36000061035156,161.36000061035156,0
2022-11-10,164.02000427246094,164.25999450683594,161.0,162.0,122805
2022-11-11,164.0,165.9199981689453,163.0,165.9199981689453,27339
2022-11-14,161.0,164.99000549316406,158.0500030517578,164.25,35909
2022-11-15,164.14999389648438,167.0,160.0,160.00999450683594,53839
2022-11-16,162.92999267578125,164.0,162.85000610351562,164.0,1102
2022-11-17,164.97999572753906,165.0,162.10000610351562,164.0,31363
2022-11-18,162.8300018310547,165.5,162.0,164.89999389648438,28968
2022-11-21,164.44000244140625,165.0,163.0,165.0,26286
2022-11-22,165.97999572753906,168.89999389648438,164.44000244140625,164.44000244140625,20794
2022-11-23,163.1199951171875,166.0,163.1199951171875,165.97999572753906,4710
2022-11-24,163.1199951171875,165.5,162.8800048828125,165.5,12571
2022-11-25,164.85000610351562,166.85000610351562,164.0,165.0,56366
2022-11-28,155.77000427246094,169.0,155.0,158.60000610351562,77144
2022-11-29,158.25,159.49000549316406,157.0,158.8300018310547,69304
2022-11-30,161.83999633789062,165.89999389648438,158.25,161.17999267578125,66504
2022-12-01,165.35000610351562,166.0,161.5,164.89999389648438,27390
2022-12-02,162.0,165.0,155.0,163.0,32013
2022-12-05,154.94000244140625,167.0,153.10000610351562,167.0,51377
2022-12-06,154.07000732421875,159.0,152.0,159.0,3980
2022-12-07,157.25999450683594,159.0,152.1999969482422,158.0,65056
2022-12-08,156.8800048828125,159.9499969482422,154.27999877929688,157.0,23331
2022-12-09,157.60000610351562,159.0,156.0,157.0,1223
2022-12-12,157.94000244140625,159.89999389648438,155.10000610351562,159.89999389648438,1155
2022-12-13,154.55999755859375,159.99000549316406,153.0,159.99000549316406,17512
2022-12-14,151.89999389648438,154.66000366210938,150.6999969482422,153.25999450683594,26818
2022-12-15,149.0399932861328,155.0,149.0,155.0,18600
2022-12-16,153.36000061035156,154.0,149.99000549316406,150.0,48012
2022-12-19,153.8000030517578,153.99000549316406,148.0,148.0,25955
2022-12-20,148.22000122070312,154.0,147.0,154.0,96977
2022-12-21,143.72999572753906,148.22000122070312,142.25999450683594,148.0,93442
2022-12-22,143.4600067138672,153.0,141.02000427246094,150.0,78499
2022-12-23,138.00999450683594,143.0,137.99000549316406,142.8699951171875,35963
2022-12-26,140.44000244140625,141.9499969482422,134.1999969482422,139.0,123681
2022-12-27,141.08999633789062,142.5,136.02999877929688,139.0,50817
2022-12-28,138.44000244140625,145.89999389648438,135.10000610351562,140.0,158668
2022-12-29,142.52000427246094,147.0,136.00999450683594,139.97999572753906,261145
2022-12-30,147.6999969482422,149.99000549316406,140.0,142.52000427246094,101976
2023-01-02,143.97000122070312,147.89999389648438,142.02000427246094,147.89999389648438,12386
2023-01-03,142.0,145.97999572753906,141.99000549316406,145.97999572753906,23697
2023-01-04,140.58999633789062,144.5,137.25,143.5,6778
2023-01-05,139.72000122070312,142.0,137.11000061035156,140.0,15422
2023-01-06,137.39999389648438,140.0,135.1199951171875,139.99000549316406,19755
2023-01-09,132.97999572753906,137.6300048828125,131.5,137.58999633789062,28543
2023-01-10,134.0,138.97999572753906,132.97999572753906,133.0,21242
2023-01-11,130.35000610351562,138.9499969482422,128.10000610351562,136.0,16366
2023-01-12,132.99000549316406,140.1199951171875,127.61000061035156,130.0500030517578,153009
2023-01-13,134.10000610351562,136.0,129.0,132.0,24091
2023-01-16,130.55999755859375,135.0,130.1999969482422,135.0,4623
2023-01-17,121.5199966430664,134.0,120.7699966430664,134.0,55673
2023-01-18,121.13999938964844,123.0,117.0,123.0,21567
2023-01-19,120.0199966430664,122.5,119.0999984741211,119.0999984741211,514449
2023-01-20,115.7699966430664,122.97000122070312,113.02999877929688,122.97000122070312,215429
2023-01-23,124.44999694824219,124.44999694824219,114.11000061035156,118.0,149748
2023-01-24,133.77999877929688,133.77999877929688,126.48999786376953,126.48999786376953,330425
2023-01-25,143.80999755859375,143.80999755859375,138.0,138.0,804054
2023-01-26,142.11000061035156,149.97000122070312,141.5,148.99000549316406,471220
2023-01-27,138.13999938964844,142.99000549316406,136.0500030517578,142.99000549316406,65989
2023-01-30,132.3699951171875,139.99000549316406,131.0,138.3000030517578,31668
2023-01-31,134.39999389648438,139.99000549316406,131.0,139.99000549316406,168240
2023-02-01,134.75,138.0,131.5,136.75,183928
2023-02-02,134.57000732421875,136.8800048828125,133.5,136.8800048828125,162091
2023-02-03,133.9600067138672,137.10000610351562,130.0800018310547,135.0,174485
2023-02-06,135.82000732421875,136.25,131.33999633789062,134.0,23798
2023-02-07,133.91000366210938,139.5,133.11000061035156,139.0,113337
2023-02-08,135.1699981689453,136.49000549316406,134.14999389648438,135.7899932861328,60794
2023-02-09,142.6999969482422,143.89999389648438,136.00999450683594,137.5,112832
2023-02-10,138.94000244140625,142.0,137.0,139.0,99914
2023-02-13,139.97999572753906,142.0,137.0,138.94000244140625,178930
2023-02-14,136.0,140.99000549316406,135.00999450683594,140.99000549316406,55865
2023-02-15,136.69000244140625,138.89999389648438,132.5,138.0,36624
2023-02-16,133.6699981689453,140.0,131.22999572753906,140.0,92372
2023-02-17,130.0399932861328,135.49000549316406,127.5,134.99000549316406,58152
2023-02-20,126.19000244140625,133.0,125.11000061035156,133.0,34790
2023-02-21,130.67999267578125,131.5,125.01000213623047,129.88999938964844,79731
2023-02-22,137.72999572753906,139.4499969482422,131.89999389648438,131.89999389648438,45213
2023-02-23,135.74000549316406,139.0,132.5,139.0,35964
2023-02-24,143.4600067138672,143.89999389648438,134.25,137.9499969482422,93407
2023-02-27,147.1199951171875,152.5,142.30999755859375,143.4600067138672,64421
2023-02-28,143.8300018310547,149.5,142.5,147.1199951171875,74582
2023-03-01,142.49000549316406,145.5,138.10000610351562,138.10000610351562,35116
2023-03-02,139.10000610351562,145.97999572753906,137.14999389648438,145.97999572753906,89761
2023-03-03,140.1199951171875,141.99000549316406,136.07000732421875,136.07000732421875,36878
2023-03-06,140.39999389648438,145.0,138.0,138.11000061035156,56161
2023-03-07,148.9199981689453,149.60000610351562,138.11000061035156,138.11000061035156,457866
2023-03-08,152.0,154.63999938964844,147.0,147.0,264391
2023-03-09,160.1999969482422,161.88999938964844,152.0,154.8000030517578,391388
2023-03-10,162.22000122070312,164.0,160.50999450683594,162.0,162199
2023-03-13,160.97000122070312,165.7899932861328,160.50999450683594,165.7899932861328,50733
2023-03-14,160.13999938964844,164.0,159.5,159.5,160719
2023-03-15,164.44000244140625,166.6999969482422,160.0,162.85000610351562,514215
2023-03-16,161.0500030517578,165.44000244140625,160.25,165.44000244140625,38981
2023-03-17,156.9499969482422,163.0,156.5,163.0,231772
2023-03-20,152.22000122070312,160.8000030517578,151.5,160.8000030517578,154850
2023-03-21,147.05999755859375,152.22000122070312,146.3000030517578,152.22000122070312,33988
2023-03-22,145.14999389648438,147.99000549316406,143.10000610351562,147.11000061035156,45056
2023-03-23,145.14999389648438,145.14999389648438,145.14999389648438,145.14999389648438,0
2023-03-24,141.83999633789062,146.5,139.0,145.0,99230
2023-03-27,142.4499969482422,142.49000549316406,138.5,141.00999450683594,34920
2023-03-28,141.97000122070312,144.5,141.00999450683594,143.99000549316406,30727
2023-03-29,140.97000122070312,142.99000549316406,140.5,142.99000549316406,68083
2023-03-30,139.1199951171875,141.99000549316406,139.0,140.02999877929688,46722
2023-03-31,139.42999267578125,143.0,139.0,141.0,73809
2023-04-03,138.50999450683594,142.77999877929688,136.97999572753906,142.77999877929688,32388
2023-04-04,138.0399932861328,139.0,136.8000030517578,139.0,32607
2023-04-05,137.72999572753906,142.0,136.1999969482422,140.0,29505
2023-04-06,141.13999938964844,141.5,138.3000030517578,138.30999755859375,8808
2023-04-07,139.3699951171875,143.9499969482422,138.00999450683594,141.99000549316406,45949
2023-04-10,138.32000732421875,139.3699951171875,137.0,139.0,58738
2023-04-11,141.39999389648438,143.0,135.0,138.89999389648438,112127
2023-04-12,142.6300048828125,143.9499969482422,140.0500030517578,142.0,129799
2023-04-13,144.36000061035156,144.9499969482422,142.6300048828125,143.4499969482422,56816
2023-04-14,144.36000061035156,144.36000061035156,144.36000061035156,144.36000061035156,0
2023-04-17,144.5,145.97999572753906,144.36000061035156,144.36000061035156,158651
2023-04-18,144.13999938964844,145.0,142.0,145.0,162707
2023-04-19,145.50999450683594,145.99000549316406,144.13999938964844,144.13999938964844,16470
2023-04-20,145.9499969482422,147.1199951171875,145.0,147.1199951171875,23957
2023-04-21,145.9499969482422,145.9499969482422,145.9499969482422,145.9499969482422,0
2023-04-24,145.9499969482422,145.9499969482422,145.9499969482422,145.9499969482422,0
2023-04-25,145.9499969482422,145.9499969482422,145.9499969482422,145.9499969482422,0
2023-04-26,145.74000549316406,146.99000549316406,145.0,146.99000549316406,120593
2023-04-27,144.67999267578125,148.0,142.11000061035156,142.11000061035156,163915
2023-04-28,144.05999755859375,145.49000549316406,143.0,145.49000549316406,21339
2023-05-01,144.05999755859375,144.05999755859375,144.05999755859375,144.05999755859375,0
2023-05-02,149.13999938964844,150.89999389648438,142.0,145.0,95500
2023-05-03,152.05999755859375,154.47999572753906,145.89999389648438,150.0,158064
2023-05-04,152.1199951171875,156.89999389648438,150.5,153.0,128020
2023-05-05,151.8699951171875,155.9499969482422,147.5,154.0,37910
2023-05-08,147.82000732421875,152.0,147.0,152.0,67712
2023-05-09,148.6199951171875,152.99000549316406,142.52000427246094,145.0,256609
2023-05-10,149.9600067138672,152.88999938964844,148.5,149.5,70994
2023-05-11,152.02999877929688,152.9499969482422,151.0,151.5,35680
2023-05-12,152.17999267578125,152.8000030517578,151.00999450683594,151.00999450683594,82145
2023-05-15,153.6999969482422,154.8300018310547,146.0,146.0,27779
2023-05-16,157.00999450683594,157.88999938964844,154.10000610351562,155.0,89974
2023-05-17,155.02000427246094,157.97999572753906,154.55999755859375,157.97999572753906,34677
2023-05-18,154.25999450683594,156.7100067138672,154.2100067138672,155.99000549316406,62836
2023-05-19,154.10000610351562,156.0,153.9499969482422,153.9499969482422,14618
2023-05-22,151.72000122070312,154.0,151.1300048828125,154.0,11378
2023-05-23,150.89999389648438,152.0,150.0,152.0,11255
2023-05-24,151.8699951171875,154.60000610351562,149.55999755859375,151.0,82255
2023-05-25,153.6999969482422,160.0,151.5,155.0,83322
2023-05-26,157.57000732421875,159.0,153.00999450683594,156.9499969482422,266981
2023-05-29,161.3800048828125,167.5,159.0,159.6999969482422,414372
2023-05-30,159.77000427246094,163.5,158.50999450683594,163.5,339408
2023-05-31,158.41000366210938,161.0,158.0,160.89999389648438,113714
2023-06-01,160.5,161.25,156.1999969482422,158.0,207262
2023-06-02,162.69000244140625,163.97000122070312,159.0,159.0,357551
2023-06-05,162.64999389648438,164.99000549316406,158.0,164.0,41746
2023-06-06,168.24000549316406,169.88999938964844,163.0,163.8000030517578,184957
2023-06-07,168.25999450683594,168.89999389648438,166.5,168.89999389648438,22714
2023-06-08,167.69000244140625,174.0,166.25999450683594,169.9499969482422,113291
2023-06-09,171.0500030517578,172.99000549316406,166.0,171.5,29692
2023-06-12,170.39999389648438,173.0,168.99000549316406,173.0,95066
2023-06-13,165.86000061035156,172.0,164.00999450683594,165.60000610351562,14683
2023-06-14,167.3000030517578,168.0,162.5,165.0,15500
2023-06-15,164.02000427246094,170.0,162.60000610351562,170.0,9794
2023-06-16,166.6300048828125,168.89999389648438,163.0,166.0,23101
2023-06-19,164.05999755859375,169.1999969482422,164.0,169.19000244140625,729895
2023-06-20,164.0,168.89999389648438,162.0,168.89999389648438,625500
2023-06-21,165.0,168.5500030517578,163.5,168.5500030517578,437495
2023-06-22,165.52999877929688,168.5,164.00999450683594,165.0,226807
2023-06-23,165.82000732421875,167.3699951171875,164.0500030517578,164.0500030517578,262400
2023-06-26,170.1999969482422,175.0,165.1999969482422,167.0,473773
2023-06-27,173.47000122070312,178.8000030517578,170.0,170.00999450683594,305724
2023-06-28,173.47000122070312,173.47000122070312,173.47000122070312,173.47000122070312,0
2023-06-29,173.47000122070312,173.47000122070312,173.47000122070312,173.47000122070312,0
2023-06-30,173.47000122070312,173.47000122070312,173.47000122070312,173.47000122070312,0
2023-07-03,186.47999572753906,186.47999572753906,180.89999389648438,180.89999389648438,242662
2023-07-04,182.35000610351562,190.0,182.0,187.89999389648438,149359
2023-07-05,180.27000427246094,183.89999389648438,176.10000610351562,183.89999389648438,36643
2023-07-06,180.3800048828125,182.85000610351562,177.5,179.4499969482422,31760
2023-07-07,181.38999938964844,182.89999389648438,179.00999450683594,179.00999450683594,186829
2023-07-10,183.08999633789062,183.82000732421875,182.0,182.0,59933
2023-07-11,188.77000427246094,189.5,177.08999633789062,177.10000610351562,314296
2023-07-12,185.52000427246094,188.85000610351562,183.0,185.39999389648438,80565
2023-07-13,182.63999938964844,189.89999389648438,180.0,187.0,55081
2023-07-14,177.94000244140625,185.0,177.0,183.89999389648438,107921
2023-07-17,177.27999877929688,182.19000244140625,175.0,182.0,97088
2023-07-18,175.22999572753906,181.0,171.3000030517578,180.49000549316406,36629
2023-07-19,174.6699981689453,179.9600067138672,171.39999389648438,178.0,72336
2023-07-20,177.97999572753906,178.39999389648438,174.10000610351562,176.99000549316406,41999
2023-07-21,176.4499969482422,179.4499969482422,173.14999389648438,178.58999633789062,189237
2023-07-24,177.94000244140625,178.88999938964844,175.60000610351562,176.4499969482422,150973
2023-07-25,178.0,178.89999389648438,177.30999755859375,178.8000030517578,14725
2023-07-26,181.52000427246094,183.00999450683594,178.0,178.74000549316406,88144
2023-07-27,181.52000427246094,181.52000427246094,181.52000427246094,181.52000427246094,0
2023-07-28,181.52000427246094,181.52000427246094,181.52000427246094,181.52000427246094,0
2023-07-31,181.02999877929688,181.25,174.22000122070312,181.0,189055
2023-08-01,183.3300018310547,188.0,181.0500030517578,182.0,121920
2023-08-02,189.8300018310547,190.0,183.25,184.69000244140625,1575997
2023-08-03,187.0,188.92999267578125,184.35000610351562,184.35000610351562,723098
2023-08-04,180.57000732421875,186.8800048828125,179.0,186.8800048828125,251830
2023-08-07,178.0,184.4499969482422,178.0,180.0,15132
2023-08-08,173.8699951171875,180.75,172.00999450683594,175.2100067138672,25953
2023-08-09,175.0,178.0,173.0,173.0,45437
2023-08-10,167.22000122070312,178.89999389648438,165.00999450683594,177.6999969482422,80141
2023-08-11,171.44000244140625,174.85000610351562,167.0,174.85000610351562,134908
2023-08-14,171.44000244140625,171.44000244140625,171.44000244140625,171.44000244140625,0
2023-08-15,171.14999389648438,174.39999389648438,168.5,173.0,61539
2023-08-16,172.4600067138672,173.85000610351562,171.0,171.0,1182
2023-08-17,171.0500030517578,172.0,168.60000610351562,168.61000061035156,82152
2023-08-18,169.0800018310547,173.14999389648438,169.0,173.14999389648438,38079
2023-08-21,165.97000122070312,172.0,165.10000610351562,168.00999450683594,42430
2023-08-22,164.10000610351562,170.5,162.5500030517578,169.13999938964844,37172
2023-08-23,164.3699951171875,165.25,163.99000549316406,165.25,5487
2023-08-24,163.8300018310547,173.0,162.64999389648438,165.08999633789062,123687
2023-08-25,166.99000549316406,168.5,164.99000549316406,165.85000610351562,216224
2023-08-28,170.07000732421875,170.8000030517578,163.10000610351562,163.10000610351562,180152
2023-08-29,165.33999633789062,173.1999969482422,164.0,173.1999969482422,32095
2023-08-30,160.8699951171875,169.89999389648438,160.1999969482422,169.89999389648438,15688
2023-08-31,151.83999633789062,166.94000244140625,150.5,156.10000610351562,47651
2023-09-01,153.64999389648438,159.89999389648438,148.0,154.0,13110
2023-09-04,154.3800048828125,158.5,152.0800018310547,157.83999633789062,51679
2023-09-05,154.77000427246094,159.0,154.0,155.99000549316406,53690
2023-09-06,159.35000610351562,159.89999389648438,155.1999969482422,158.35000610351562,21320
2023-09-07,161.52999877929688,166.89999389648438,158.14999389648438,159.99000549316406,35470
2023-09-08,165.10000610351562,169.88999938964844,161.52999877929688,165.49000549316406,61941
2023-09-11,164.41000366210938,169.0,162.13999938964844,165.0,9241
2023-09-12,164.16000366210938,166.5,162.0,166.5,17001
2023-09-13,164.27000427246094,166.99000549316406,161.50999450683594,165.33999633789062,38578
2023-09-14,163.22999572753906,167.5,156.0,165.5,7324
2023-09-15,165.66000366210938,173.5,164.50999450683594,166.89999389648438,45387
2023-09-18,164.16000366210938,166.99000549316406,163.0,166.99000549316406,15008
2023-09-19,164.1699981689453,167.0,163.25,165.60000610351562,2917
2023-09-20,162.64999389648438,165.6999969482422,162.0,165.6999969482422,8778
2023-09-21,165.00999450683594,166.0,161.50999450683594,164.0,78309
2023-09-22,163.27000427246094,166.3000030517578,162.4499969482422,166.3000030517578,3645
2023-09-25,163.5500030517578,166.3000030517578,162.00999450683594,166.3000030517578,14016
2023-09-26,165.27000427246094,167.5,164.0,166.0,34524
2023-09-27,169.77999877929688,170.0,165.5,166.0,38756
2023-09-28,169.77999877929688,169.77999877929688,169.77999877929688,169.77999877929688,0
2023-09-29,169.77999877929688,169.77999877929688,169.77999877929688,169.77999877929688,0
2023-10-02,171.47000122070312,174.0,168.75,168.75,56105
2023-10-03,170.9499969482422,172.49000549316406,170.5,172.3000030517578,27325
2023-10-04,169.75,174.49000549316406,169.0,171.49000549316406,29481
2023-10-05,176.07000732421875,177.5,171.0,171.49000549316406,342057
2023-10-06,174.97000122070312,177.0,173.5,177.0,51080
2023-10-09,173.5800018310547,174.9499969482422,171.0,174.94000244140625,36753
2023-10-10,173.4600067138672,176.0,173.0,173.0,45235
2023-10-11,175.32000732421875,176.0,174.0,176.0,16082
2023-10-12,177.02999877929688,177.60000610351562,162.5,162.5,128819
2023-10-13,176.5500030517578,177.89999389648438,174.5,177.77999877929688,107382
2023-10-16,177.47000122070312,178.0,177.0,177.97999572753906,18285
2023-10-17,178.07000732421875,180.85000610351562,177.0,178.0,55589
2023-10-18,178.0,179.0,177.5,179.0,10250
2023-10-19,180.0,180.0,176.14999389648438,179.88999938964844,22359
2023-10-20,175.14999389648438,180.0,175.0,178.75,9832
2023-10-23,181.1199951171875,184.8000030517578,177.8000030517578,179.88999938964844,113400
2023-10-24,181.14999389648438,182.5,177.5,181.0,93857
2023-10-25,186.1300048828125,186.88999938964844,183.0,183.0,41520
2023-10-26,183.9600067138672,187.0,178.14999389648438,187.0,25460
2023-10-27,179.0399932861328,185.5,178.0,185.0,75153
2023-10-30,179.91000366210938,183.0,176.0,183.0,23983
2023-10-31,175.02000427246094,181.97999572753906,175.0,181.97999572753906,124081
2023-11-01,179.17999267578125,179.9499969482422,177.8000030517578,179.9499969482422,23968
2023-11-02,184.41000366210938,185.89999389648438,179.6999969482422,179.6999969482422,64825
2023-11-03,181.6300048828125,186.0,180.00999450683594,185.0,41184
2023-11-06,192.3699951171875,193.49000549316406,181.0,183.99000549316406,124853
2023-11-07,191.1699981689453,196.89999389648438,189.5,196.89999389648438,43086
2023-11-08,198.35000610351562,200.97999572753906,186.0,193.0,88377
2023-11-09,198.35000610351562,198.35000610351562,198.35000610351562,198.35000610351562,0
2023-11-10,212.91000366210938,213.22999572753906,200.0,200.0,203995
2023-11-13,221.7899932861328,224.97999572753906,217.0500030517578,217.64999389648438,67504
2023-11-14,219.02000427246094,222.6999969482422,215.0,219.5,62006
2023-11-15,215.19000244140625,220.0,213.00999450683594,219.5,94701
2023-11-16,220.0,222.5,212.6999969482422,216.97999572753906,97922
2023-11-17,220.41000366210938,225.49000549316406,215.10000610351562,222.8000030517578,272238
2023-11-20,215.72000122070312,222.97999572753906,215.0,222.97999572753906,11480
2023-11-21,214.4600067138672,219.99000549316406,211.10000610351562,219.99000549316406,69818
2023-11-22,216.27000427246094,217.8000030517578,210.11000061035156,217.6999969482422,29321
2023-11-23,216.92999267578125,225.0,216.0,217.0,61628
2023-11-24,214.0399932861328,219.89999389648438,211.0,219.89999389648438,52716
2023-11-27,218.5500030517578,220.0,206.00999450683594,215.0,44853
2023-11-28,216.36000061035156,222.0,215.0,222.0,197152
2023-11-29,216.75,220.97999572753906,214.0,218.0,187599
2023-11-30,214.1199951171875,220.0,213.0,219.91000366210938,100222
2023-12-01,229.25,230.0,212.6999969482422,215.6999969482422,113580
2023-12-04,230.7100067138672,234.0,225.11000061035156,230.10000610351562,62272
2023-12-05,227.0500030517578,232.64999389648438,225.0,231.0,284095
2023-12-06,226.00999450683594,230.99000549316406,222.50999450683594,222.50999450683594,7678
2023-12-07,227.69000244140625,230.0,227.0,229.47000122070312,102847
2023-12-08,227.17999267578125,230.0,222.64999389648438,227.0,43565
2023-12-11,225.05999755859375,227.99000549316406,222.6999969482422,222.6999969482422,1026
2023-12-12,229.4499969482422,230.0,226.0,226.89999389648438,43104
2023-12-13,229.50999450683594,233.85000610351562,223.5,232.0,64442
2023-12-14,224.6199951171875,228.0,220.0,225.00999450683594,33248
2023-12-15,220.4499969482422,229.4499969482422,220.0,225.0,31167
2023-12-18,219.0500030517578,228.85000610351562,217.0,228.85000610351562,17837
2023-12-19,208.75,227.99000549316406,206.0,217.00999450683594,111095
2023-12-20,203.42999267578125,213.5,197.0,213.5,122847
2023-12-21,208.3000030517578,210.07000732421875,195.1199951171875,195.1199951171875,639435
2023-12-22,206.50999450683594,215.0,205.50999450683594,214.99000549316406,21997
2023-12-25,206.50999450683594,206.50999450683594,206.50999450683594,206.50999450683594,0
2023-12-26,194.42999267578125,211.7899932861328,193.88999938964844,198.0,30501
2023-12-27,205.16000366210938,209.00999450683594,195.0,199.8000030517578,108369
2023-12-28,220.5500030517578,220.5500030517578,210.0,210.0,83311
2023-12-29,234.22999572753906,237.08999633789062,225.0,234.0,315428
2024-01-01,236.27999877929688,248.99000549316406,234.02000427246094,248.99000549316406,19697
2024-01-02,236.64999389648438,240.38999938964844,233.0,236.49000549316406,13228
2024-01-03,249.00999450683594,254.39999389648438,236.14999389648438,238.0,132280
2024-01-04,246.49000549316406,253.0,241.00999450683594,249.0,29984
2024-01-05,249.05999755859375,250.6999969482422,242.00999450683594,250.5,37182
2024-01-08,241.77000427246094,250.0,240.02000427246094,249.0,16675
2024-01-09,240.47000122070312,249.0,237.02000427246094,243.35000610351562,42160
2024-01-10,240.97999572753906,246.97999572753906,239.10000610351562,240.00999450683594,41495
2024-01-11,241.89999389648438,246.0,239.0,242.99000549316406,18582
2024-01-12,237.16000366210938,247.0,235.0,240.00999450683594,29574
2024-01-15,234.74000549316406,242.99000549316406,230.3000030517578,242.99000549316406,9665
2024-01-16,230.0,234.5,220.6199951171875,234.0,19201
2024-01-17,225.17999267578125,234.69000244140625,221.50999450683594,234.69000244140625,20046
2024-01-18,225.97000122070312,229.97999572753906,215.00999450683594,229.97999572753906,6535
2024-01-19,224.89999389648438,232.49000549316406,223.0,232.49000549316406,35412
2024-01-22,225.63999938964844,232.4499969482422,220.11000061035156,227.0,4333
2024-01-23,229.8800048828125,230.5,219.39999389648438,225.0,29119
2024-01-24,234.05999755859375,235.0,225.10000610351562,225.10000610351562,7958
2024-01-25,233.27000427246094,235.0,230.0,232.0,5692
2024-01-26,228.02999877929688,234.97999572753906,226.10000610351562,228.00999450683594,2833
2024-01-29,227.6699981689453,233.99000549316406,225.00999450683594,233.99000549316406,1843
2024-01-30,222.07000732421875,230.0,220.16000366210938,225.0,6375
2024-01-31,215.77000427246094,224.0,213.5,223.99000549316406,4950
2024-02-01,219.72999572753906,223.99000549316406,210.00999450683594,219.97999572753906,14806
2024-02-02,215.77000427246094,227.47999572753906,213.5500030517578,222.0,5645
2024-02-06,219.72000122070312,221.8800048828125,215.0,221.8800048828125,10099
2024-02-07,226.47000122070312,229.88999938964844,217.6999969482422,217.97999572753906,2354
2024-02-08,226.47000122070312,226.47000122070312,226.47000122070312,226.47000122070312,0
2024-02-09,217.33999633789062,229.88999938964844,215.0,220.0,25877
2024-02-12,212.9499969482422,218.99000549316406,210.0,218.99000549316406,8449
2024-02-13,209.10000610351562,214.7899932861328,200.1199951171875,214.7899932861328,40213
2024-02-14,214.22999572753906,215.99000549316406,205.32000732421875,212.99000549316406,87178
2024-02-15,211.3699951171875,220.0,203.11000061035156,218.0,26619
2024-02-16,202.50999450683594,212.0,200.0,208.0,30593
2024-02-19,208.2899932861328,210.0,197.00999450683594,208.0,118881
2024-02-20,205.30999755859375,209.8000030517578,204.02000427246094,207.0,1914
2024-02-21,211.42999267578125,215.83999633789062,205.0,210.97000122070312,23834
2024-02-22,213.44000244140625,216.0,210.0,216.0,5096
2024-02-23,211.97000122070312,214.89999389648438,210.5,214.89999389648438,6052
2024-02-26,208.74000549316406,221.0,207.75,214.0,45148
2024-02-27,210.07000732421875,212.89999389648438,208.0,210.0,23475
2024-02-28,214.6199951171875,216.0,209.8000030517578,212.0,10949
2024-02-29,213.0,216.97999572753906,212.66000366210938,215.97999572753906,4970
2024-03-01,210.25999450683594,218.0,205.0,214.0,10373
2024-03-04,216.8800048828125,217.0,210.0,215.0,22550
2024-03-05,214.89999389648438,219.8800048828125,213.50999450683594,219.0,6283
2024-03-06,214.4199981689453,217.99000549316406,212.0,216.0,32994
2024-03-07,219.0800018310547,220.02999877929688,200.25,216.0,23443
2024-03-08,220.0500030517578,223.0,218.00999450683594,220.0,9233
2024-03-11,220.0,224.97999572753906,218.10000610351562,224.97999572753906,43969
2024-03-12,214.0,223.97999572753906,210.0,223.97999572753906,66411
2024-03-13,213.16000366210938,217.0,212.0,214.02000427246094,12493
2024-03-14,222.4499969482422,225.0,211.0500030517578,214.99000549316406,10620
2024-03-15,214.8000030517578,222.4499969482422,212.1999969482422,222.4499969482422,8114
2024-03-18,215.0399932861328,217.97999572753906,212.02000427246094,217.97999572753906,2781
2024-03-19,212.02000427246094,219.4499969482422,210.0,217.88999938964844,133363
2024-03-20,211.02999877929688,217.0,210.0,214.0,153224
2024-03-21,206.80999755859375,212.5,205.0,209.0,106163
2024-03-22,206.0800018310547,209.0,206.0,208.97999572753906,16057
2024-03-26,210.57000732421875,214.0,206.5,209.0,54201
2024-03-27,218.1999969482422,219.99000549316406,211.0,214.0,57170
2024-03-28,224.6999969482422,225.0,210.11000061035156,219.89999389648438,60906
2024-03-29,224.97999572753906,225.0,220.0,220.00999450683594,10347
2024-04-01,221.55999755859375,224.75,215.50999450683594,215.52000427246094,34809
2024-04-02,217.57000732421875,224.0,215.50999450683594,224.0,21235
2024-04-03,221.8800048828125,223.5,213.50999450683594,220.97999572753906,119892
2024-04-04,218.75,223.89999389648438,215.5,223.89999389648438,54406
2024-04-08,221.0,222.97999572753906,218.00999450683594,222.97999572753906,73780
2024-04-09,220.00999450683594,222.97999572753906,218.50999450683594,221.0,67607
2024-04-15,218.66000366210938,219.0,208.10000610351562,218.97999572753906,11649
2024-04-16,215.72000122070312,219.99000549316406,215.0,219.99000549316406,16790
2024-04-17,214.0,218.0,213.25999450683594,217.89999389648438,50392
2024-04-18,213.3000030517578,216.0,211.5,214.02000427246094,32524
2024-04-19,214.92999267578125,216.0,211.5,216.0,5960
2024-04-22,215.27999877929688,219.0,213.8000030517578,219.0,67009
2024-04-23,221.9499969482422,224.0,213.50999450683594,216.0,58474
2024-04-24,223.42999267578125,226.74000549316406,221.2100067138672,221.97999572753906,39140
2024-04-25,222.24000549316406,226.99000549316406,220.02000427246094,226.60000610351562,17631
2024-04-26,227.00999450683594,229.88999938964844,220.05999755859375,224.39999389648438,37160
2024-04-29,222.25,229.47999572753906,221.0,226.00999450683594,10552
2024-04-30,219.02999877929688,225.99000549316406,219.0,222.0500030517578,27017
2024-05-02,218.30999755859375,222.88999938964844,215.11000061035156,215.11000061035156,27712
2024-05-03,225.63999938964844,226.0,219.0,222.0,32727
2024-05-06,225.1300048828125,234.0,221.14999389648438,234.0,30203
2024-05-07,220.75999450683594,226.0,220.0,225.97000122070312,28604
2024-05-08,217.6300048828125,225.0,216.80999755859375,225.0,101316
2024-05-09,221.49000549316406,222.47999572753906,217.99000549316406,218.0,92580
2024-05-10,223.0399932861328,230.0,222.5,223.94000244140625,182558
2024-05-13,223.5,225.9499969482422,221.52000427246094,224.00999450683594,24683
2024-05-14,220.47999572753906,224.0,219.0,224.0,109311
2024-05-15,220.35000610351562,223.0,220.0,220.00999450683594,4489
2024-05-16,220.5,222.0,218.9499969482422,221.0,9422
2024-05-17,224.6199951171875,229.0,220.11000061035156,221.49000549316406,31582
2024-05-20,223.99000549316406,227.0,222.5,225.0,11759
2024-05-21,220.22000122070312,224.5,215.0,223.0,48643
2024-05-22,220.0,223.8699951171875,219.5,223.8699951171875,3097
2024-05-23,221.25,223.7899932861328,214.0,223.7899932861328,2609
2024-05-24,217.86000061035156,221.99000549316406,217.49000549316406,221.49000549316406,10305
2024-05-27,214.89999389648438,219.97999572753906,214.0,219.0,73411
2024-05-28,214.89999389648438,214.89999389648438,214.89999389648438,214.89999389648438,0
2024-05-29,206.32000732421875,217.0,204.5,217.0,151709
2024-05-30,211.47999572753906,213.0,204.5,204.60000610351562,168565
2024-05-31,214.08999633789062,214.49000549316406,211.5,213.0,25265
2024-06-03,214.4199981689453,216.6999969482422,211.02000427246094,214.89999389648438,6693
2024-06-04,215.5399932861328,216.47999572753906,211.60000610351562,211.60000610351562,12861
2024-06-05,213.9499969482422,215.0,213.5,215.0,12546
2024-06-06,214.30999755859375,215.94000244140625,209.0,215.0,4938
2024-06-07,214.1999969482422,216.89999389648438,207.10000610351562,215.0,29173
2024-06-10,215.75999450683594,216.0,212.14999389648438,216.0,3969
2024-06-11,209.97999572753906,218.97999572753906,209.0,217.0,4486
2024-06-12,209.25999450683594,212.99000549316406,209.0,209.00999450683594,12167
2024-06-13,227.0500030517578,227.0500030517578,210.0,213.8800048828125,259387
2024-06-14,235.3800048828125,239.0,228.0,235.0,86790
2024-06-20,251.02000427246094,252.3000030517578,236.0,236.0,378662
2024-06-21,244.6699981689453,255.10000610351562,239.0,255.10000610351562,139489
2024-06-24,240.17999267578125,248.0,237.0,238.10000610351562,52646
2024-06-25,244.0,246.0,240.0,240.0,8803
2024-06-26,242.35000610351562,248.0,241.00999450683594,248.0,212807
2024-06-27,244.1999969482422,250.0,241.0,245.99000549316406,444752
2024-06-28,250.42999267578125,252.0,245.0,245.0,110655
2024-07-01,253.25,256.8999938964844,249.0,249.0,246839
2024-07-02,266.3299865722656,268.70001220703125,256.5,256.5,560167
2024-07-03,275.42999267578125,276.989990234375,270.0,270.0,329230
2024-07-04,280.1600036621094,280.75,269.0,279.0,707811
2024-07-05,279.1000061035156,281.8999938964844,278.29998779296875,280.1600036621094,908274
2024-07-08,280.0299987792969,284.0,278.0,279.010009765625,507042
2024-07-09,280.0,283.5,279.0,283.5,208884
2024-07-10,277.6700134277344,280.20001220703125,274.0,274.0,586102
2024-07-11,274.010009765625,279.8999938964844,274.0,279.8999938964844,55843
2024-07-12,274.4200134277344,279.989990234375,273.0,273.2099914550781,27545
2024-07-15,273.8900146484375,279.8500061035156,265.0,278.0,22137
2024-07-16,273.8900146484375,273.8900146484375,273.8900146484375,273.8900146484375,0
2024-07-17,273.8900146484375,273.8900146484375,273.8900146484375,273.8900146484375,0
2024-07-18,278.0400085449219,281.0,273.25,278.8999938964844,9892
2024-07-19,268.9800109863281,280.0,265.0,279.8999938964844,41623
2024-07-22,265.8599853515625,278.0,260.04998779296875,270.0,29565
2024-07-23,265.7099914550781,271.2200012207031,261.0,271.0,10100
2024-07-24,263.6300048828125,266.8999938964844,261.20001220703125,266.0,13655
2024-07-25,260.2699890136719,263.0,255.0,263.0,12961
2024-07-26,262.989990234375,270.2200012207031,255.85000610351562,263.0,1571
2024-07-29,256.82000732421875,264.0,250.0,263.0,19941
2024-07-30,255.5,260.0,255.0,260.0,10559
2024-07-31,245.77999877929688,260.0,236.0,260.0,220545
2024-08-01,239.0500030517578,258.0,235.5,258.0,7361
2024-08-02,235.64999389648438,244.0,235.0,244.0,63881
2024-08-05,235.1699981689453,254.99000549316406,220.5,245.88999938964844,52027
2024-08-06,225.94000244140625,243.97999572753906,225.0,243.97999572753906,63768
2024-08-07,225.91000366210938,232.3300018310547,224.02999877929688,232.0,77250
2024-08-08,238.27000427246094,244.0,227.5,232.0,70426
2024-08-09,243.52999877929688,245.0,239.0,244.0,11948
2024-08-12,235.52999877929688,246.49000549316406,225.5,236.0,5879
2024-08-13,235.5500030517578,243.0,235.0,243.0,4916
2024-08-15,240.7100067138672,244.36000061035156,235.02000427246094,240.97999572753906,5758
2024-08-16,248.13999938964844,259.3999938964844,243.0,243.0,21607
2024-08-19,249.35000610351562,254.99000549316406,245.0,254.99000549316406,3717
2024-08-20,244.99000549316406,249.0,232.1199951171875,232.1199951171875,5572
2024-08-21,245.00999450683594,250.0,245.0,250.0,26275
2024-08-22,255.22000122070312,258.95001220703125,242.10000610351562,249.0,23047
2024-08-23,250.77999877929688,263.989990234375,250.11000061035156,263.989990234375,4487
2024-08-26,242.99000549316406,254.49000549316406,241.52000427246094,254.49000549316406,11122
2024-08-27,246.72999572753906,258.0299987792969,241.0,241.0,13165
2024-08-28,247.6999969482422,255.0,247.25999450683594,255.0,2610
2024-08-29,248.3000030517578,254.97999572753906,242.0,254.97999572753906,9888
2024-08-30,250.3699951171875,253.39999389648438,250.0,253.39999389648438,9587
2024-09-02,256.0,256.0,250.0,254.0,58142
2024-09-03,260.0400085449219,269.989990234375,257.8999938964844,259.0,137809
2024-09-04,262.67999267578125,267.989990234375,256.0,264.8900146484375,5877
2024-09-05,288.95001220703125,288.95001220703125,262.510009765625,262.510009765625,84605
2024-09-06,317.8500061035156,317.8500061035156,317.8500061035156,317.8500061035156,12515
2024-09-09,319.7799987792969,330.0,312.0,330.0,151813
2024-09-10,318.5400085449219,323.8999938964844,315.0,321.7900085449219,23163
2024-09-11,311.67999267578125,320.0,310.0,320.0,54267
2024-09-12,310.7200012207031,315.0,310.0,311.67999267578125,15273
2024-09-13,300.42999267578125,316.0,300.0,310.7200012207031,149035
2024-09-16,290.510009765625,304.79998779296875,290.1499938964844,304.79998779296875,70580
2024-09-17,290.510009765625,290.510009765625,290.510009765625,290.510009765625,0
2024-09-18,293.0299987792969,294.75,290.0,291.0,39570
2024-09-19,298.8599853515625,299.5,291.1499938964844,295.6499938964844,13589
2024-09-20,300.4700012207031,304.9800109863281,290.010009765625,300.0,63383
2024-09-23,293.1600036621094,300.5,293.1000061035156,300.5,9314
2024-09-24,291.0,297.6400146484375,288.0,296.1199951171875,404743
2024-09-25,303.6400146484375,307.0,292.0,292.0,628619
2024-09-26,308.5799865722656,319.989990234375,299.6300048828125,306.0,297031
2024-09-27,304.9200134277344,314.8900146484375,302.0299987792969,313.989990234375,4520
2024-09-30,303.95001220703125,316.0,286.5,308.0,37451
2024-10-01,301.989990234375,305.8999938964844,296.0,305.8999938964844,28325
2024-10-02,301.4200134277344,305.0,300.0,300.0,15077
2024-10-03,300.8800048828125,308.0,300.0,305.0,9567
2024-10-04,303.0,305.0,300.0,305.0,44288
2024-10-07,303.4800109863281,304.5,297.0199890136719,302.0,25863
2024-10-08,305.010009765625,310.0,301.0,303.4700012207031,393992
2024-10-09,305.010009765625,305.010009765625,305.010009765625,305.010009765625,0
2024-10-10,301.07000732421875,307.5,300.0,307.5,31183
2024-10-11,305.6600036621094,308.0,297.0,304.8999938964844,23920
2024-10-14,306.4100036621094,310.0,305.0,310.0,25183
2024-10-15,303.1099853515625,313.95001220703125,300.010009765625,309.0,51326
2024-10-16,305.44000244140625,308.9800109863281,300.0,308.9800109863281,103966
2024-10-17,310.0799865722656,310.8999938964844,304.0,305.989990234375,92978
2024-10-18,310.239990234375,313.0,306.0,310.0,33230
2024-10-21,317.2099914550781,319.79998779296875,308.0,310.0,71475
2024-10-22,319.6199951171875,324.0,313.010009765625,319.9800109863281,82955
2024-10-23,351.5799865722656,351.5799865722656,318.0,323.9800109863281,319207
2024-10-24,366.8999938964844,370.0,358.1000061035156,360.0,472760
2024-10-25,403.5899963378906,403.5899963378906,366.70001220703125,366.70001220703125,857266
2024-10-28,411.0899963378906,426.0,410.0,410.0,483271
2024-10-29,416.82000732421875,425.0,414.1000061035156,419.8900146484375,410413
2024-10-30,402.79998779296875,421.0,400.5,416.0,55319
2024-10-31,372.2300109863281,405.3900146484375,365.6000061035156,405.3900146484375,224500
2024-11-01,395.82000732421875,399.94000244140625,365.0199890136719,378.5,79512
2024-11-04,423.8599853515625,426.0,400.0,400.0,156346
2024-11-05,433.1199951171875,435.0,415.0,425.9200134277344,267054
2024-11-06,446.0199890136719,449.9800109863281,420.30999755859375,436.0,268726
2024-11-07,432.05999755859375,450.0,430.0,450.0,106427
2024-11-08,429.8699951171875,438.8999938964844,426.0,436.0,47727
2024-11-11,422.3500061035156,433.0,421.0199890136719,430.0,48104
2024-11-12,421.07000732421875,429.0,381.0,421.489990234375,14140
2024-11-13,420.6600036621094,423.5,402.20001220703125,418.010009765625,11932
2024-11-14,420.7699890136719,429.75,406.1600036621094,429.75,7047
2024-11-15,422.55999755859375,425.5,420.9200134277344,425.5,7982
2024-11-18,423.9700012207031,425.989990234375,423.5,424.8699951171875,20971
2024-11-19,416.8800048828125,425.5,415.0199890136719,425.0,23533
2024-11-20,418.6000061035156,434.8999938964844,417.0,425.0,35160
2024-11-21,418.94000244140625,428.0,412.010009765625,424.0,44625
2024-11-22,414.8599853515625,424.9800109863281,401.0,420.0,20432
2024-11-25,406.2099914550781,413.0,401.0,413.0,117931
2024-11-26,389.3900146484375,408.0,375.0,403.0,189715
2024-11-27,402.4100036621094,415.0,383.3999938964844,410.0,132561
2024-11-28,406.260009765625,425.0,400.0,409.5,182594
2024-11-29,415.1400146484375,425.0,404.0,406.0,223234
2024-12-02,424.45001220703125,430.989990234375,410.0,422.989990234375,259736
2024-12-03,431.7900085449219,440.0,425.0,425.010009765625,154279
2024-12-04,431.3500061035156,436.0,421.0,432.0,44646
2024-12-05,430.260009765625,435.0,424.5,430.0,45696
2024-12-06,423.760009765625,430.8999938964844,421.6300048828125,430.260009765625,53822
2024-12-09,417.2699890136719,428.0,414.0,425.0,77056
2024-12-10,425.6300048828125,450.9800109863281,414.0,418.0,354161
2024-12-11,413.3699951171875,435.0,406.0,429.8999938964844,78442
2024-12-12,396.6700134277344,420.0,385.04998779296875,413.6000061035156,828488
2024-12-13,398.4200134277344,405.0,392.0,399.010009765625,103521
2024-12-16,404.239990234375,408.0,391.1099853515625,399.0,46712
2024-12-17,401.2300109863281,408.0,400.0,404.239990234375,109342
2024-12-18,378.0299987792969,405.0,365.5,401.0,254764
2024-12-19,361.2799987792969,387.989990234375,350.0,378.0,263717
2024-12-20,394.55999755859375,397.4100036621094,360.0,360.0,157428
2024-12-23,402.6000061035156,404.0,380.0,394.0,44635
2024-12-24,390.4200134277344,405.3800048828125,387.0,405.3800048828125,51849
2024-12-26,376.1099853515625,390.0,365.1099853515625,390.0,32526
2024-12-27,383.2300109863281,395.0,376.1099853515625,376.1099853515625,196194
2024-12-30,401.9100036621094,404.0,383.0,386.0,240261
2024-12-31,387.3399963378906,412.45001220703125,371.0799865722656,412.45001220703125,145051
2025-01-01,387.3399963378906,387.3399963378906,387.3399963378906,387.3399963378906,0
2025-01-02,400.1400146484375,415.0,399.5,409.94000244140625,190324
2025-01-03,380.45001220703125,400.0,375.5,400.0,114141
2025-01-06,379.1000061035156,385.0,371.1000061035156,376.0,51916
2025-01-07,373.94000244140625,387.45001220703125,369.0,379.1099853515625,27503
2025-01-08,370.1700134277344,379.739990234375,370.0,373.5400085449219,21894
2025-01-09,358.739990234375,378.8999938964844,355.0,355.0,42351
2025-01-10,357.95001220703125,364.0,356.1499938964844,364.0,12538
2025-01-13,357.32000732421875,370.0,350.0,358.0,33426
2025-01-14,365.79998779296875,373.4800109863281,354.0,360.0,112652
2025-01-15,371.17999267578125,398.0,361.3999938964844,361.3999938964844,160859
2025-01-16,370.45001220703125,392.0,368.0,375.0,146869
2025-01-17,366.82000732421875,377.8999938964844,362.1000061035156,377.8999938964844,70310
2025-01-20,369.010009765625,374.69000244140625,366.0,367.25,45198
2025-01-21,364.69000244140625,373.8999938964844,361.010009765625,368.0,22431
2025-01-22,373.8699951171875,375.8900146484375,364.69000244140625,364.69000244140625,199583
2025-01-23,375.1199951171875,379.0,366.0,379.0,51960
2025-01-24,370.8500061035156,379.0,368.0299987792969,375.0,14641
2025-01-27,369.0799865722656,375.95001220703125,367.0,375.95001220703125,6539
2025-01-28,359.9100036621094,374.0,350.0,350.0,45014
2025-01-29,359.6199951171875,369.0,358.0,364.8999938964844,46789
2025-01-30,369.07000732421875,370.5899963378906,355.0,360.0,84405
2025-01-31,384.5899963378906,392.0,365.0,370.0,111065
2025-02-03,373.5799865722656,397.9800109863281,367.0,391.0,37491
2025-02-04,370.1700134277344,376.989990234375,364.5,373.5799865722656,9249
2025-02-06,371.5400085449219,378.9700012207031,367.010009765625,376.989990234375,14741
2025-02-07,373.6700134277344,379.989990234375,369.0,369.0,151717
2025-02-10,366.8900146484375,377.0,365.0,370.1000061035156,15422
2025-02-11,370.1099853515625,372.70001220703125,366.0,369.8800048828125,14121
2025-02-12,364.2699890136719,371.989990234375,361.0,371.0,29082
2025-02-13,362.8999938964844,368.5,362.5,363.0,15959
2025-02-14,375.0799865722656,378.0,365.0,365.0,156133
2025-02-17,372.989990234375,380.0,371.1000061035156,377.989990234375,249051
2025-02-18,382.2099914550781,386.0,375.04998779296875,377.0,78492
2025-02-19,414.69000244140625,419.0,382.2099914550781,385.0,244808
2025-02-20,430.70001220703125,441.0,407.1199951171875,418.989990234375,488197
2025-02-21,409.54998779296875,431.0,406.9200134277344,430.70001220703125,101293
2025-02-24,424.1000061035156,433.3999938964844,392.1099853515625,409.0,479568
2025-02-25,429.260009765625,435.0,415.0,427.0,190498
2025-02-26,417.3599853515625,435.0,415.0,428.0,49972
2025-02-27,409.0899963378906,420.0,406.54998779296875,416.5,39934
2025-02-28,402.1199951171875,418.8599853515625,400.0,413.0,17403
2025-03-03,397.8900146484375,418.0,392.0,405.0,24955
2025-03-04,403.70001220703125,405.0,400.0,400.0,7993
2025-03-05,395.0899963378906,408.0,392.25,405.0,198717
2025-03-06,400.04998779296875,410.0,395.1099853515625,399.0,32309
2025-03-07,402.8599853515625,405.0,401.7699890136719,402.0,27175
2025-03-10,400.94000244140625,404.8999938964844,399.0,402.0,104684
2025-03-11,399.989990234375,402.8999938964844,390.1000061035156,402.8999938964844,13720
2025-03-12,400.0,402.989990234375,396.20001220703125,402.989990234375,26334
2025-03-13,404.9200134277344,409.0,398.5,403.489990234375,26115
2025-03-14,403.2799987792969,408.0,402.5,406.0,20416
2025-03-17,398.45001220703125,405.0,396.20001220703125,404.8999938964844,12491
2025-03-18,399.1000061035156,403.989990234375,397.0,397.0,26030
2025-03-19,399.69000244140625,400.010009765625,394.1000061035156,397.1000061035156,32592
2025-03-20,399.95001220703125,405.8999938964844,395.0,402.9700012207031,37524
2025-03-21,395.9599914550781,403.0,394.25,403.0,16735
2025-03-24,388.0899963378906,398.4700012207031,381.0,397.0,12658
2025-03-25,389.989990234375,394.8699951171875,382.0,387.8699951171875,23618
2025-03-26,393.32000732421875,399.92999267578125,391.0,393.010009765625,14620
2025-03-27,388.010009765625,399.0,385.0,399.0,18587
2025-03-28,388.010009765625,388.010009765625,388.010009765625,388.010009765625,0
2025-03-31,388.010009765625,388.010009765625,388.010009765625,388.010009765625,0
2025-04-03,389.7900085449219,394.3299865722656,386.0,394.3299865722656,13191
2025-04-04,382.1000061035156,394.989990234375,380.0,390.010009765625,92568
2025-04-07,377.9100036621094,394.0,366.0,385.0,36985
2025-04-08,390.67999267578125,393.0,380.1300048828125,390.0,330451
2025-04-09,385.5799865722656,390.0,381.0,381.0,1633187
2025-04-10,393.07000732421875,398.0,388.0199890136719,392.010009765625,1705311
2025-04-11,388.6099853515625,400.0,384.989990234375,394.8900146484375,6006663
2025-04-14,390.5,391.0,380.0,389.0,53052
2025-04-15,390.07000732421875,399.0,384.0,391.0,70639
2025-04-16,386.260009765625,395.0,385.0,391.9800109863281,33816
2025-04-17,384.2200012207031,391.8999938964844,384.0,389.0,95285
2025-04-18,383.2699890136719,389.8900146484375,382.0,384.0,11533
2025-04-21,381.1400146484375,385.489990234375,378.1000061035156,381.0,35974
2025-04-22,387.3999938964844,390.0,378.82000732421875,382.0,54337
2025-04-23,385.3500061035156,389.0,385.0,389.0,7825
2025-04-24,376.5199890136719,387.0,372.0,381.9700012207031,23776
2025-04-25,384.5299987792969,389.0,367.6000061035156,376.54998779296875,43090
2025-04-28,373.07000732421875,389.9700012207031,370.7099914550781,384.0,23083
2025-04-29,375.57000732421875,383.8999938964844,370.0299987792969,375.0,39403
2025-04-30,347.7200012207031,375.54998779296875,341.0,375.54998779296875,147522
2025-05-02,365.8800048828125,379.8500061035156,350.0,350.0,66418
2025-05-05,387.04998779296875,390.0,355.010009765625,369.0,108131
2025-05-06,381.8500061035156,397.0,381.1000061035156,389.010009765625,23823
2025-05-07,368.05999755859375,376.489990234375,348.010009765625,357.1700134277344,58958
2025-05-08,337.6199951171875,374.8900146484375,331.25,366.0299987792969,35316
2025-05-09,350.32000732421875,360.0,331.0,341.5,131995
2025-05-12,385.3500061035156,385.3500061035156,351.54998779296875,384.989990234375,386531
2025-05-13,384.1099853515625,390.0,372.0,390.0,122373
2025-05-14,380.0899963378906,389.8999938964844,375.0,382.010009765625,97283
2025-05-15,387.19000244140625,391.9800109863281,380.1099853515625,383.9599914550781,90474
2025-05-16,386.32000732421875,393.0,384.0,389.8999938964844,85900
2025-05-19,385.7799987792969,389.9700012207031,381.1000061035156,389.8999938964844,40745
2025-05-20,381.8299865722656,386.9599914550781,380.0,385.0,8405
2025-05-21,379.8800048828125,383.0,378.0,383.0,40500
2025-05-22,373.5799865722656,383.0,373.0,379.010009765625,41461
2025-05-23,375.9200134277344,378.0,372.0,373.1000061035156,5040
2025-05-26,371.1700134277344,374.9700012207031,370.010009765625,372.0,30253
2025-05-27,381.19000244140625,403.0,371.489990234375,371.489990234375,51280
2025-05-28,381.19000244140625,381.19000244140625,381.19000244140625,381.19000244140625,0
2025-05-29,378.0899963378906,385.0299987792969,377.0,385.0299987792969,20702
2025-05-30,386.8900146484375,397.989990234375,375.0,383.8999938964844,27381
2025-06-02,381.6099853515625,389.0,380.0,385.989990234375,17528
2025-06-03,381.3800048828125,388.0,375.04998779296875,381.6099853515625,37053
2025-06-04,376.6000061035156,383.8999938964844,375.0,381.989990234375,59656
2025-06-05,372.5,378.5,370.0,377.9700012207031,111771
2025-06-06,372.5,372.5,372.5,372.5,0
2025-06-09,372.5,372.5,372.5,372.5,0
2025-06-10,377.0799865722656,390.0,373.0,374.7699890136719,485775
2025-06-11,394.5899963378906,395.0,380.0,385.0,382853
2025-06-12,389.9700012207031,419.0,385.3999938964844,395.0,888165
2025-06-13,381.8900146484375,388.79998779296875,379.2200012207031,385.0,120988
2025-06-16,381.8900146484375,381.8900146484375,381.8900146484375,381.8900146484375,0
2025-06-17,385.2099914550781,388.0,378.8500061035156,378.8500061035156,43028
2025-06-18,381.6600036621094,384.9700012207031,380.0,384.9700012207031,9868
2025-06-19,377.57000732421875,387.2799987792969,377.0,384.0,161726
2025-06-20,381.9599914550781,385.0,377.7099914550781,378.9800109863281,82354
2025-06-23,363.489990234375,378.0,358.20001220703125,375.0,73860
2025-06-24,382.8800048828125,394.0,376.0,383.0,67005
2025-06-25,380.1499938964844,387.54998779296875,378.0,382.8900146484375,100049
2025-06-26,375.20001220703125,380.0,371.1000061035156,380.0,184179
2025-06-27,385.07000732421875,386.20001220703125,375.25,376.0,189095
2025-06-30,379.3599853515625,389.260009765625,378.3500061035156,386.3699951171875,47629
2025-07-01,379.4700012207031,384.0,377.010009765625,384.0,41281
2025-07-02,383.0199890136719,388.8800048828125,380.0,382.5,70851
2025-07-03,391.1400146484375,399.75,382.0,388.0,48742
2025-07-04,392.6499938964844,398.9800109863281,384.0,384.55999755859375,39610
2025-07-07,402.3500061035156,407.0,388.1000061035156,390.0,279224
2025-07-08,403.07000732421875,409.8900146484375,388.5,407.0,125330
2025-07-09,400.0,408.8800048828125,399.0,404.9700012207031,45056
2025-07-10,434.0,440.0,401.0,402.989990234375,584586
2025-07-11,455.30999755859375,477.3999938964844,438.5,440.0,748155
2025-07-14,450.489990234375,458.5,450.0,457.0,116629
2025-07-15,433.1099853515625,454.9700012207031,425.0,454.9700012207031,207150
2025-07-16,426.2799987792969,432.9800109863281,420.0,432.9800109863281,333197
2025-07-17,431.8699951171875,440.0,426.2799987792969,426.2799987792969,49245
2025-07-18,420.9700012207031,438.9800109863281,420.0,432.0,241189
2025-07-21,425.3399963378906,432.79998779296875,421.0,421.0,68795
2025-07-22,422.8599853515625,434.0,422.0,429.0,79523
2025-07-23,421.1400146484375,429.0,420.0,425.75,237551
2025-07-24,420.9800109863281,427.0,420.0,426.0,277965
2025-07-25,423.3699951171875,424.510009765625,419.54998779296875,422.0,125810
2025-07-28,441.3599853515625,455.0,423.0,423.3699951171875,419590
2025-07-29,436.2799987792969,442.8500061035156,435.010009765625,436.0,153249
2025-07-30,435.2799987792969,442.0,434.75,437.0,71410
2025-07-31,433.3999938964844,436.95001220703125,421.20001220703125,435.29998779296875,36852
2025-08-01,438.5199890136719,445.0,431.0,436.3500061035156,356607
2025-08-04,450.20001220703125,455.0,432.010009765625,440.0,228751
2025-08-05,457.239990234375,467.989990234375,446.0,450.20001220703125,236363
2025-08-06,455.79998779296875,463.54998779296875,441.0,457.25,288574
2025-08-07,459.0899963378906,464.989990234375,450.0,452.1000061035156,128248
2025-08-08,457.489990234375,463.0,451.0,459.9800109863281,1110830
2025-08-11,457.80999755859375,462.0,450.0,458.6000061035156,68638
2025-08-12,92.20600128173828,92.86599731445312,91.69999694824219,92.0,546160
2025-08-13,93.50199890136719,94.55999755859375,92.0,92.19999694824219,661260
2025-08-14,467.510009765625,467.510009765625,467.510009765625,467.510009765625,0
2025-08-15,467.25,471.0,467.0,468.0,67464
2025-08-18,98.6780014038086,99.4000015258789,94.0,94.0,1444990
2025-08-19,102.64600372314453,104.8479995727539,98.00199890136719,98.6780014038086,2002090
2025-08-20,107.41600036621094,108.0,103.0,103.3759994506836,1697665
2025-08-21,107.02999877929688,109.41600036621094,105.0,108.0199966430664,911360
2025-08-22,109.99800109863281,113.5979995727539,107.0,107.0,1013465
2025-08-25,109.99800109863281,109.99800109863281,109.99800109863281,109.99800109863281,0
2025-08-26,104.62000274658203,108.0,104.0,108.0,817313
2025-08-27,98.66999816894531,108.48999786376953,98.41000366210938,105.79000091552734,2023504
2025-08-28,99.37000274658203,100.51000213623047,98.0999984741211,99.19999694824219,482979
2025-08-29,103.94999694824219,105.0,99.30000305175781,100.01000213623047,1708720
2025-09-01,105.62999725341797,106.0,103.5,104.9000015258789,967340
2025-09-02,103.62000274658203,106.0,103.44999694824219,106.0,482877
2025-09-03,102.52999877929688,105.5,102.0999984741211,103.94999694824219,765533
2025-09-04,103.01000213623047,105.4000015258789,102.0,102.01000213623047,1449138
2025-09-05,103.62000274658203,104.9000015258789,102.5,103.5,1128206
2025-09-08,103.69999694824219,109.0,103.25,104.19999694824219,5704917
2025-09-09,102.37999725341797,104.0,102.0,103.69999694824219,1049807
2025-09-10,102.30999755859375,103.5999984741211,101.0,102.4000015258789,818045
2025-09-11,102.16000366210938,105.0,101.80000305175781,102.5,1150660
2025-09-12,101.55999755859375,102.98999786376953,101.4000015258789,102.98999786376953,486036
2025-09-15,101.56999969482422,102.0,100.75,101.4000015258789,562361
2025-09-16,101.9000015258789,102.9800033569336,101.30999755859375,101.5999984741211,515988
2025-09-17,100.8499984741211,103.0,100.0,102.5,1287435
2025-09-18,102.30000305175781,103.23999786376953,101.19999694824219,102.44999694824219,803216
2025-09-19,101.52999877929688,102.98999786376953,101.19999694824219,102.30000305175781,526414
2025-09-22,101.9800033569336,102.30000305175781,101.30000305175781,102.27999877929688,440134
2025-09-23,101.9800033569336,101.9800033569336,101.9800033569336,101.9800033569336,0
2025-09-24,100.86000061035156,102.0999984741211,100.75,101.43000030517578,512824
2025-09-25,101.02999877929688,102.5,100.80000305175781,101.4000015258789,674196
2025-09-26,101.43000030517578,103.62999725341797,101.0,101.80000305175781,2121822
2025-09-29,101.12000274658203,102.0,101.0,101.4800033569336,880272
2025-09-30,106.08000183105469,106.73999786376953,101.12000274658203,101.98999786376953,4546286
2025-10-01,108.04000091552734,110.5,105.0999984741211,107.0,5425959
2025-10-02,108.16999816894531,112.23999786376953,107.11000061035156,108.5,4746417
2025-10-03,110.16000366210938,112.0,107.9000015258789,108.5199966430664,3230260
2025-10-06,105.08999633789062,110.16000366210938,104.55000305175781,109.0199966430664,2054801
2025-10-07,105.08999633789062,105.08999633789062,105.08999633789062,105.08999633789062,0
2025-10-08,103.0,104.80000305175781,102.80000305175781,104.0,949207
2025-10-09,104.62000274658203,105.69000244140625,102.01000213623047,103.80000305175781,965228
2025-10-10,102.54000091552734,105.69000244140625,101.9000015258789,104.0,1010583
2025-10-13,99.81999969482422,101.95999908447266,98.20999908447266,100.70999908447266,1218110
2025-10-14,102.76000213623047,103.33999633789062,101.0199966430664,102.0,2164298
2025-10-15,102.37000274658203,103.98999786376953,102.0,103.01000213623047,460009
2025-10-16,101.1500015258789,103.25,101.0199966430664,102.1500015258789,730227
2025-10-17,100.02999877929688,101.91000366210938,99.8499984741211,101.02999877929688,675887
2025-10-20,100.25,101.69999694824219,99.80000305175781,100.5999984741211,827887
2025-10-21,101.19000244140625,103.0,100.62999725341797,102.9000015258789,568746
2025-10-22,101.01000213623047,102.48999786376953,100.9000015258789,101.9800033569336,753620
2025-10-23,99.61000061035156,101.44000244140625,99.5,101.0,827341
2025-10-24,97.19000244140625,100.0,95.55000305175781,99.98999786376953,998446
2025-10-27,95.97000122070312,98.38999938964844,95.02999877929688,97.48999786376953,739542
2025-10-28,96.69000244140625,99.9000015258789,95.19999694824219,95.5,1377774
2025-10-29,94.11000061035156,97.0,93.93000030517578,97.0,840307
2025-10-30,94.13999938964844,96.5,93.5199966430664,94.11000061035156,785335
2025-10-31,96.0,97.0,94.11000061035156,95.0,700417
2025-11-03,96.19999694824219,97.0,95.5,96.05000305175781,231874
2025-11-04,94.16999816894531,96.36000061035156,93.98999786376953,96.30000305175781,533062
2025-11-05,94.11000061035156,96.0999984741211,93.16000366210938,93.16000366210938,456573
2025-11-06,93.83999633789062,95.0,93.0,95.0,210245
2025-11-07,94.44999694824219,94.94999694824219,93.6500015258789,94.5,142973
2025-11-10,95.3499984741211,96.75,94.16000366210938,94.44000244140625,331031
2025-11-11,94.0,96.30000305175781,93.75,95.3499984741211,214229
2025-11-12,93.94999694824219,94.94999694824219,93.0199966430664,94.01000213623047,203421
2025-11-13,98.79000091552734,100.5,95.0,95.22000122070312,2307839
2025-11-14,103.06999969482422,105.0,97.0,99.80000305175781,1672788
2025-11-17,103.55000305175781,107.0,102.98999786376953,103.05000305175781,1919046
2025-11-18,100.69999694824219,103.4000015258789,100.19999694824219,103.4000015258789,618108
2025-11-19,100.2699966430664,104.0,100.0,100.22000122070312,814295
2025-11-20,103.06999969482422,104.6500015258789,101.0,101.0,1184819
2025-11-21,101.56999969482422,104.44000244140625,101.19000244140625,103.9000015258789,1468898
2025-11-24,100.37999725341797,101.9800033569336,99.80000305175781,101.4000015258789,219821
2025-11-25,99.97000122070312,101.29000091552734,99.5,100.98999786376953,205183
2025-11-26,100.27999877929688,100.48999786376953,98.4000015258789,100.0199966430664,197055
2025-11-27,100.2699966430664,100.5,98.75,100.4000015258789,718117
2025-11-28,101.52999877929688,102.9000015258789,99.51000213623047,99.51000213623047,770191
2025-12-01,101.93000030517578,102.77999877929688,100.11000061035156,102.77999877929688,385036
2025-12-02,102.11000061035156,103.6500015258789,101.48999786376953,102.44999694824219,545511
2025-12-03,101.51000213623047,102.63999938964844,101.05000305175781,102.63999938964844,285776
2025-12-04,103.97000122070312,105.8499984741211,102.01000213623047,102.01000213623047,1667364
2025-12-05,103.66999816894531,105.0,102.0,104.9000015258789,680636
2025-12-08,103.5999984741211,105.0,103.02999877929688,104.0,491989
2025-12-09,105.06999969482422,107.37999725341797,103.5,104.01000213623047,3337674
2025-12-10,108.54000091552734,110.48999786376953,105.0,105.0,5598386
2025-12-11,104.13999938964844,108.54000091552734,103.55000305175781,108.54000091552734,847829
2025-12-12,104.76000213623047,105.4000015258789,103.0199966430664,104.9800033569336,610851
2025-12-15,107.31999969482422,109.0,104.80999755859375,105.0,1470797
2025-12-16,106.05999755859375,109.0,104.98999786376953,108.0,1496212
2025-12-17,104.87000274658203,107.0,104.69999694824219,106.48999786376953,541780
2025-12-18,107.55999755859375,110.0,104.0,105.51000213623047,1635662
2025-12-19,109.43000030517578,112.01000213623047,107.0,107.55999755859375,2461506
2025-12-22,111.6500015258789,113.5,109.75,110.80000305175781,2375891
2025-12-23,122.30999755859375,122.81999969482422,110.0,112.19999694824219,6566348
2025-12-24,113.62999725341797,122.5,113.0,122.5,3146000
2025-12-26,121.41000366210938,122.98999786376953,113.98999786376953,113.98999786376953,6348576
2025-12-29,120.08000183105469,126.5999984741211,119.0,122.98999786376953,2074635
2025-12-30,116.5999984741211,123.55000305175781,116.0,121.80000305175781,4017576
2025-12-31,113.19999694824219,120.0,109.0,117.0,4434052
2026-01-01,113.19999694824219,113.19999694824219,113.19999694824219,113.19999694824219,0
2026-01-02,113.61000061035156,115.5,111.5999984741211,114.88999938964844,581579
2026-01-05,113.26000213623047,115.3499984741211,111.9000015258789,114.0,2582149
2026-01-06,112.80000305175781,114.4000015258789,112.0,114.0,2271719
2026-01-07,113.66999816894531,116.25,112.0,112.8499984741211,2080438
2026-01-08,112.52999877929688,115.0,112.25,114.88999938964844,750075
2026-01-09,112.87000274658203,114.47000122070312,110.5999984741211,112.5,1539566
2026-01-12,108.55000305175781,113.87999725341797,107.11000061035156,112.87000274658203,1662256
2026-01-13,108.58000183105469,109.5,105.25,108.79000091552734,2227845
2026-01-14,105.0199966430664,108.5,104.76000213623047,108.5,1625432
2026-01-15,106.13999938964844,107.23999786376953,103.80000305175781,105.11000061035156,2938250
2026-01-16,110.38999938964844,111.5,106.5,106.5,1700536
2026-01-19,113.77999877929688,114.4800033569336,109.12000274658203,111.0,1828500
2026-01-20,115.7300033569336,116.4000015258789,111.9000015258789,114.75,2973776
2026-01-21,114.13999938964844,118.0,112.0,116.5,2845530
2026-01-22,115.5999984741211,117.0,113.0199966430664,114.5,1523951
2026-01-23,114.12000274658203,116.19999694824219,113.25,116.0,805022
2026-01-26,113.97000122070312,115.3499984741211,113.0,114.0999984741211,1046938
2026-01-27,110.0199966430664,113.83999633789062,109.5,113.12000274658203,673515
2026-01-28,108.76000213623047,112.3499984741211,107.98999786376953,110.69999694824219,913385
2026-01-29,105.9000015258789,109.98999786376953,103.9000015258789,109.98999786376953,1660712
2026-01-30,107.79000091552734,110.0,105.0,107.5,1056064
2026-02-02,107.31999969482422,108.5,106.1500015258789,107.29000091552734,413678
2026-02-03,107.93000030517578,108.5,106.88999938964844,107.31999969482422,230790
2026-02-04,108.63999938964844,109.0,107.5,108.0,288947
2026-02-06,104.9800033569336,109.0,104.55000305175781,109.0,691705
2026-02-09,104.12000274658203,106.36000061035156,103.80999755859375,105.1500015258789,335194
2026-02-10,103.86000061035156,105.0,103.61000061035156,105.0,105954
2026-02-11,105.06999969482422,107.05000305175781,103.86000061035156,104.0,455150
2026-02-12,102.66000366210938,105.9800033569336,99.98999786376953,105.1500015258789,644774
2026-02-13,103.12999725341797,104.30000305175781,102.0,103.0,177765
2026-02-16,100.02999877929688,104.0,98.58000183105469,103.5,669052
2026-02-17,103.0199966430664,104.01000213623047,96.5,99.0199966430664,1872175
2026-02-18,106.37999725341797,107.9000015258789,103.0,103.0,903694
2026-02-19,100.93000030517578,106.37999725341797,100.26000213623047,106.37999725341797,257140
2026-02-20,102.0199966430664,102.9000015258789,97.5,97.55000305175781,451459
2026-02-23,97.66000366210938,102.94999694824219,95.77999877929688,102.0,676108
2026-02-24,93.9800033569336,100.05000305175781,92.0199966430664,97.66000366210938,1005310
2026-02-25,93.4800033569336,96.0,92.29000091552734,94.0,583145
2026-02-26,96.8499984741211,99.9000015258789,89.5,92.5,1651859
2026-02-27,98.08999633789062,102.0,91.98999786376953,95.0,547780
2026-03-02,88.27999877929688,89.98999786376953,88.27999877929688,88.27999877929688,563355
2026-03-03,89.94000244140625,96.98999786376953,80.0,82.0,2144050
2026-03-04,85.83000183105469,89.83999633789062,84.51000213623047,89.83999633789062,407667
2026-03-05,85.80999755859375,86.9000015258789,84.19999694824219,84.19999694824219,428133
2026-03-06,83.70999908447266,85.0,82.16000366210938,85.0,174472
2026-03-09,75.33999633789062,76.9800033569336,75.33999633789062,75.33999633789062,515444
2026-03-10,81.12999725341797,82.0,78.80000305175781,80.0999984741211,1133286
2026-03-11,80.9000015258789,84.80000305175781,80.0199966430664,83.5,539398
2026-03-12,77.93000030517578,80.98999786376953,75.9000015258789,79.98999786376953,802133
2026-03-13,79.5199966430664,80.80000305175781,76.5,78.9800033569336,657256
2026-03-16,78.4000015258789,80.0,77.55000305175781,78.01000213623047,429855
2026-03-17,79.75,80.9000015258789,78.0,78.51000213623047,262344
2026-03-18,84.72000122070312,86.0,79.75,79.75,486542
2026-03-19,84.08000183105469,87.0,79.55000305175781,83.72000122070312,782462
2026-03-20,84.08000183105469,84.08000183105469,84.08000183105469,84.08000183105469,0
2026-03-23,84.08000183105469,84.08000183105469,84.08000183105469,84.08000183105469,0
2026-03-24,80.05000305175781,87.83999633789062,79.6500015258789,86.05000305175781,1292553
2026-03-25,85.12000274658203,86.0,80.30000305175781,81.97000122070312,1303248
2026-03-26,81.33999633789062,84.25,79.8499984741211,84.25,855522
2026-03-27,79.05999755859375,81.5,78.55999755859375,81.5,553165
2026-03-30,75.8499984741211,79.0,75.0,78.0,536778
2026-03-31,79.80999755859375,81.48999786376953,76.5,76.9000015258789,2573008
2026-04-01,83.7699966430664,86.19999694824219,81.0,81.0,3912156
2026-04-02,80.01000213623047,81.0,78.0,79.9800033569336,603769
2026-04-03,76.66000366210938,78.9000015258789,76.0,76.0,760232
2026-04-06,78.11000061035156,79.5,74.0,76.98999786376953,2707944
2026-04-07,76.62000274658203,77.94000244140625,75.0,77.94000244140625,1280711
2026-04-08,84.27999877929688,84.27999877929688,82.0,84.27999877929688,1124130
2026-04-09,90.91999816894531,92.0,80.11000061035156,85.0,5194403
2026-04-10,93.30999755859375,94.0,91.0999984741211,92.9000015258789,1597189
2026-04-13,86.70999908447266,89.01000213623047,85.0,89.0,575467
2026-04-14,92.55000305175781,93.0,88.0,89.9000015258789,1105905
2026-04-15,93.3499984741211,97.9800033569336,92.80000305175781,95.0,958058
2026-04-16,93.73999786376953,97.0,93.0,94.5,520431
2026-04-17,95.16999816894531,96.05000305175781,93.44999694824219,94.55000305175781,687974
2026-04-20,91.55999755859375,94.5,90.0,93.0,647027
2026-04-21,91.52999877929688,94.0,90.9000015258789,91.80000305175781,387055
2026-04-22,89.43000030517578,90.88999938964844,89.0,90.88999938964844,249153
2026-04-23,85.70999908447266,90.80000305175781,85.55000305175781,89.43000030517578,302655
2026-04-24,88.93000030517578,91.9000015258789,81.61000061035156,85.70999908447266,762499
2026-04-27,85.75,88.77999877929688,84.01000213623047,88.77999877929688,369131
2026-04-28,83.91999816894531,85.0,82.01000213623047,84.0,398604
2026-04-29,83.91999816894531,83.91999816894531,83.91999816894531,83.91999816894531,0
2026-04-30,81.0999984741211,84.0,78.05999755859375,83.0,1503727
2026-05-04,78.4000015258789,83.5,77.0,82.01000213623047,381302
2026-05-05,79.0,79.22000122070312,76.5,78.4000015258789,404284
2026-05-06,86.1500015258789,86.9000015258789,80.01000213623047,80.98999786376953,1806509
2026-05-07,89.33999633789062,90.19999694824219,85.80999755859375,87.0,1792737
2026-05-08,88.05999755859375,90.0,86.0999984741211,87.87999725341797,942549
2026-05-11,86.54000091552734,87.80000305175781,86.0,87.69999694824219,191147
2026-05-12,83.43000030517578,87.80000305175781,82.83000183105469,86.16999816894531,371157
2026-05-13,82.30000305175781,84.5,82.0,83.41999816894531,310849
2026-05-14,82.05999755859375,83.83999633789062,81.5,83.0,173837
2026-05-15,80.9800033569336,82.5,80.3499984741211,81.98999786376953,360309
2026-05-18,79.47000122070312,81.05999755859375,78.01000213623047,80.01000213623047,583697
2026-05-19,79.19999694824219,81.94000244140625,78.12000274658203,80.97000122070312,218741
2026-05-20,81.43000030517578,82.26000213623047,78.5199966430664,79.79000091552734,255311
2026-05-21,84.45999908447266,85.5,82.0999984741211,83.0,747754
2026-05-22,83.2300033569336,85.22000122070312,82.4000015258789,85.0,227561
2026-05-25,88.05000305175781,89.0,84.5,85.9000015258789,1692080
2026-05-26,88.05000305175781,88.05000305175781,88.05000305175781,88.05000305175781,0
2026-05-27,88.05000305175781,88.05000305175781,88.05000305175781,88.05000305175781,0
2026-05-28,88.05000305175781,88.05000305175781,88.05000305175781,88.05000305175781,0
2026-05-29,91.0199966430664,92.05000305175781,88.05999755859375,88.05999755859375,1890234
2026-06-01,86.86000061035156,90.94999694824219,85.0,90.80000305175781,624731
2026-06-02,89.97000122070312,91.4000015258789,87.0,87.0,1204691
2026-06-03,89.97000122070312,89.97000122070312,89.97000122070312,89.97000122070312,0
2026-06-04,91.43000030517578,91.9000015258789,90.0,90.05000305175781,402938
2026-06-05,91.47000122070312,94.29000091552734,90.29000091552734,91.88999938964844,593319
2026-06-08,89.1500015258789,90.88999938964844,88.80000305175781,90.25,319463
2026-06-09,90.33000183105469,91.05999755859375,89.81999969482422,90.26000213623047,181361
2026-06-10,91.5199966430664,92.11000061035156,89.08000183105469,90.0,348648
2026-06-11,90.26000213623047,91.01000213623047,89.4000015258789,90.0,1692066
2026-06-12,90.26000213623047,90.26000213623047,90.26000213623047,90.26000213623047,0
2026-06-15,103.48999786376953,104.56999969482422,100.0,100.0,3068060
2026-06-16,102.3499984741211,105.0,101.5,104.5,1712173
2026-06-17,104.5999984741211,107.5,101.31999969482422,104.0,1164034
2026-06-18,105.31999969482422,107.0,103.0,105.0,1218868
2026-06-19,104.06999969482422,105.97000122070312,101.0,105.0999984741211,911159
2026-06-22,103.0199966430664,105.80000305175781,101.9000015258789,104.26000213623047,1030880
2026-06-23,102.58000183105469,103.9000015258789,101.69999694824219,102.62000274658203,1412905
2026-06-24,106.01000213623047,107.19999694824219,102.55000305175781,102.58000183105469,982854
2026-06-25,106.01000213623047,106.01000213623047,106.01000213623047,106.01000213623047,0
2026-06-26,106.01000213623047,106.01000213623047,106.01000213623047,106.01000213623047,0
2026-06-29,109.98999786376953,116.61000061035156,104.12000274658203,105.0,1431645
2026-06-30,110.12000274658203,115.5,105.1500015258789,111.01000213623047,2876951
2026-07-01,107.12000274658203,108.69999694824219,106.19999694824219,106.9800033569336,1407350
2026-07-02,106.58999633789062,109.19000244140625,106.01000213623047,107.9000015258789,901029
2026-07-03,106.13999938964844,107.0,105.5,107.0,181886
2026-07-06,106.04000091552734,107.33999633789062,105.9000015258789,106.22000122070312,1084985
2026-07-07,104.11000061035156,106.69999694824219,104.0,106.69999694824219,759711
2026-07-08,99.95999908447266,103.0199966430664,97.51000213623047,103.0199966430664,1813027
2026-07-09,100.1500015258789,101.30000305175781,97.51000213623047,97.51000213623047,440212
2026-07-10,101.45999908447266,102.98999786376953,101.0,101.0,402787
2026-07-13,100.18000030517578,102.0,98.81999969482422,99.88999938964844,560513
2026-07-14,96.72000122070312,97.5,94.0,96.5,942982
2026-07-15,97.54000091552734,99.98999786376953,95.01000213623047,95.01000213623047,356847
2026-07-16,100.13999938964844,101.80000305175781,97.5,97.5,639275
2026-07-17,97.27999877929688,100.5999984741211,96.5,100.5,270679
2026-07-20,95.11000061035156,96.79000091552734,90.9000015258789,96.79000091552734,1435138
2026-07-21,94.02999877929688,96.48999786376953,93.80000305175781,95.20999908447266,469293
2026-07-22,92.7699966430664,94.5,91.5,93.0999984741211,179796
2026-07-23,90.43000030517578,93.98999786376953,90.08999633789062,92.0999984741211,254322
2026-07-24,90.0,90.98999786376953,88.0,90.4000015258789,344260
2026-07-27,98.62999725341797,98.98999786376953,94.0,94.0,1057018
2026-07-28,98.45999908447266,99.97000122070312,97.16000366210938,99.97000122070312,364547
2026-07-29,95.06999969482422,97.0,94.9000015258789,97.0,246027
2026-07-30,93.20999908447266,95.48999786376953,91.0,94.61000061035156,375999
2026-07-31,96.62999725341797,97.5,93.0,93.0,477744
2026-08-03,98.08000183105469,99.98999786376953,97.61000061035156,98.5,534992
2026-08-04,96.69999694824219,98.95999908447266,96.0,98.08000183105469,116942
2026-08-05,100.97000122070312,102.30000305175781,98.72000122070312,98.9800033569336,1093594
2026-08-06,101.54000091552734,102.98999786376953,100.0,101.98999786376953,325474
2026-08-07,102.55999755859375,104.0,99.69999694824219,100.7699966430664,534279
2026-08-10,102.47000122070312,104.9800033569336,101.9000015258789,102.6500015258789,432216
2026-08-11,99.05000305175781,102.0999984741211,98.69000244140625,102.0,536209
2026-08-12,99.79000091552734,100.69999694824219,98.69999694824219,99.11000061035156,241291
2026-08-13,100.25,102.0,99.5,100.0,207780
2026-08-14,100.25,100.25,100.25,100.25,0
2026-08-17,99.05000305175781,101.0,98.3499984741211,101.0,204625
2026-08-18,99.05000305175781,99.05000305175781,99.05000305175781,99.05000305175781,0
2026-08-19,97.08999633789062,98.33000183105469,96.68000030517578,97.0,122134
2026-08-20,96.66000366210938,99.4800033569336,96.0,99.4800033569336,386167
2026-08-21,96.0199966430664,97.5,95.51000213623047,96.9800033569336,292021
2026-08-24,97.5199966430664,98.0,96.0,96.98999786376953,660485
2026-08-25,97.68000030517578,98.19999694824219,97.0,97.5199966430664,239702
2026-08-26,97.68000030517578,97.68000030517578,97.68000030517578,97.68000030517578,0
2026-08-27,97.80000305175781,99.4800033569336,97.68000030517578,97.68000030517578,191828
2026-08-28,97.41999816894531,98.44999694824219,97.0,97.69999694824219,113038
2026-08-31,95.73999786376953,99.0,95.1500015258789,98.0,422175
2026-09-01,93.87000274658203,95.73999786376953,93.0,95.72000122070312,271715
2026-09-02,91.62000274658203,93.5,90.19999694824219,92.5,406207
2026-09-03,93.2300033569336,93.93000030517578,91.01000213623047,91.80000305175781,167242
2026-09-04,92.69000244140625,93.25,92.01000213623047,93.0,340137
